BranchNo,BranchName,Latitude,Longitude,ReviewText,Stars,DatePosted,branch_name
1,UBC,49.2606,-123.246,Absolutely love this place!,5,2025-12-30,UBC
1,UBC,49.2606,-123.246,So glad I found this place.,4,2021-02-19,UBC
1,UBC,49.2606,-123.246,Best service in town.,4,2021-03-17,UBC
1,UBC,49.2606,-123.246,Always a pleasant experience.,4,2022-12-03,UBC
1,UBC,49.2606,-123.246,The pastries are amazing.,4,2021-06-17,UBC
1,UBC,49.2606,-123.246,My daily go-to spot.,5,2021-11-07,UBC
1,UBC,49.2606,-123.246,Always a pleasant experience.,5,2022-02-08,UBC
1,UBC,49.2606,-123.246,Fast wifi and good seating.,4,2024-06-21,UBC
1,UBC,49.2606,-123.246,The staff seemed indifferent.,1,2024-09-07,UBC
1,UBC,49.2606,-123.246,Always a pleasant experience.,5,2022-09-15,UBC
1,UBC,49.2606,-123.246,Best service in town.,5,2025-10-09,UBC
1,UBC,49.2606,-123.246,Average coffee.,3,2022-07-26,UBC
1,UBC,49.2606,-123.246,Best service in town.,5,2023-04-04,UBC
1,UBC,49.2606,-123.246,Absolutely love this place!,4,2025-10-28,UBC
1,UBC,49.2606,-123.246,Overall a bad experience.,2,2022-04-18,UBC
1,UBC,49.2606,-123.246,Perfect for studying or working.,4,2026-02-01,UBC
1,UBC,49.2606,-123.246,Okay for a quick stop.,3,2021-11-12,UBC
1,UBC,49.2606,-123.246,A bit on the expensive side.,3,2025-06-22,UBC
1,UBC,49.2606,-123.246,The pastries are amazing.,4,2023-07-05,UBC
1,UBC,49.2606,-123.246,Best service in town.,5,2025-07-01,UBC
1,UBC,49.2606,-123.246,My daily go-to spot.,4,2022-12-30,UBC
1,UBC,49.2606,-123.246,Best service in town.,5,2021-12-28,UBC
1,UBC,49.2606,-123.246,Excellent quality every time.,5,2023-02-01,UBC
1,UBC,49.2606,-123.246,The pastries are amazing.,5,2025-08-30,UBC
1,UBC,49.2606,-123.246,So glad I found this place.,5,2026-01-22,UBC
1,UBC,49.2606,-123.246,Excellent quality every time.,5,2025-11-24,UBC
1,UBC,49.2606,-123.246,The pastries are amazing.,5,2025-09-28,UBC
1,UBC,49.2606,-123.246,Great vibes and music.,4,2024-11-14,UBC
1,UBC,49.2606,-123.246,Absolutely love this place!,5,2025-02-26,UBC
1,UBC,49.2606,-123.246,My daily go-to spot.,4,2024-12-19,UBC
1,UBC,49.2606,-123.246,The pastries are amazing.,5,2025-12-22,UBC
1,UBC,49.2606,-123.246,The manager is so nice.,5,2024-06-28,UBC
1,UBC,49.2606,-123.246,A bit crowded but worth the wait.,5,2024-07-28,UBC
1,UBC,49.2606,-123.246,Perfect for studying or working.,4,2022-01-10,UBC
1,UBC,49.2606,-123.246,The seating is a bit cramped.,3,2022-07-07,UBC
1,UBC,49.2606,-123.246,Consistently good coffee.,5,2022-03-27,UBC
1,UBC,49.2606,-123.246,Standard cafe experience.,3,2022-03-04,UBC
1,UBC,49.2606,-123.246,So glad I found this place.,4,2025-10-22,UBC
1,UBC,49.2606,-123.246,Always a pleasant experience.,4,2024-07-18,UBC
1,UBC,49.2606,-123.246,So glad I found this place.,5,2024-10-25,UBC
1,UBC,49.2606,-123.246,The pastries are amazing.,4,2023-03-06,UBC
1,UBC,49.2606,-123.246,Disappointed with the service.,2,2022-08-20,UBC
1,UBC,49.2606,-123.246,The service was a bit slow today.,3,2024-10-19,UBC
1,UBC,49.2606,-123.246,Always a pleasant experience.,5,2024-06-08,UBC
1,UBC,49.2606,-123.246,The pastries are amazing.,5,2021-05-05,UBC
1,UBC,49.2606,-123.246,Best service in town.,4,2021-03-07,UBC
1,UBC,49.2606,-123.246,Perfect for studying or working.,5,2025-08-13,UBC
1,UBC,49.2606,-123.246,A bit crowded but worth the wait.,5,2021-06-10,UBC
1,UBC,49.2606,-123.246,Absolutely love this place!,5,2023-03-11,UBC
1,UBC,49.2606,-123.246,The coffee was cold.,2,2025-11-05,UBC
1,UBC,49.2606,-123.246,Decent food options.,3,2025-06-21,UBC
1,UBC,49.2606,-123.246,Best service in town.,5,2024-05-24,UBC
1,UBC,49.2606,-123.246,Best service in town.,5,2023-04-11,UBC
1,UBC,49.2606,-123.246,Overall a bad experience.,2,2023-03-15,UBC
1,UBC,49.2606,-123.246,The service was a bit slow today.,3,2024-09-15,UBC
1,UBC,49.2606,-123.246,A bit crowded but worth the wait.,4,2021-04-30,UBC
1,UBC,49.2606,-123.246,Average coffee.,3,2022-02-13,UBC
1,UBC,49.2606,-123.246,The service was a bit slow today.,3,2025-07-25,UBC
1,UBC,49.2606,-123.246,Decent food options.,3,2023-04-18,UBC
1,UBC,49.2606,-123.246,Perfect for studying or working.,5,2021-08-10,UBC
1,UBC,49.2606,-123.246,Cleanliness could be improved.,2,2021-10-20,UBC
1,UBC,49.2606,-123.246,My daily go-to spot.,5,2023-03-07,UBC
1,UBC,49.2606,-123.246,So glad I found this place.,5,2022-07-18,UBC
1,UBC,49.2606,-123.246,The manager is so nice.,5,2025-12-05,UBC
1,UBC,49.2606,-123.246,Excellent quality every time.,4,2024-05-15,UBC
1,UBC,49.2606,-123.246,Highly recommend the latte.,4,2025-11-22,UBC
1,UBC,49.2606,-123.246,Always a pleasant experience.,5,2021-03-15,UBC
1,UBC,49.2606,-123.246,A bit crowded but worth the wait.,4,2024-03-02,UBC
1,UBC,49.2606,-123.246,Friendly staff and great atmosphere.,4,2025-04-02,UBC
1,UBC,49.2606,-123.246,Standard cafe experience.,3,2024-07-21,UBC
1,UBC,49.2606,-123.246,Cleanliness could be improved.,1,2023-11-30,UBC
1,UBC,49.2606,-123.246,Absolutely love this place!,5,2022-02-23,UBC
1,UBC,49.2606,-123.246,Overall a bad experience.,2,2025-03-28,UBC
1,UBC,49.2606,-123.246,Best service in town.,4,2021-11-13,UBC
1,UBC,49.2606,-123.246,A bit crowded but worth the wait.,5,2021-03-20,UBC
1,UBC,49.2606,-123.246,Won't be coming back soon.,2,2021-04-05,UBC
1,UBC,49.2606,-123.246,My daily go-to spot.,5,2025-07-25,UBC
1,UBC,49.2606,-123.246,Best service in town.,5,2025-06-27,UBC
1,UBC,49.2606,-123.246,Highly recommend the latte.,4,2025-05-20,UBC
1,UBC,49.2606,-123.246,Always a pleasant experience.,5,2021-06-13,UBC
1,UBC,49.2606,-123.246,So glad I found this place.,5,2021-10-28,UBC
1,UBC,49.2606,-123.246,The coffee was cold.,1,2022-10-16,UBC
1,UBC,49.2606,-123.246,Great vibes and music.,4,2025-08-13,UBC
1,UBC,49.2606,-123.246,Not worth the price.,1,2021-09-04,UBC
1,UBC,49.2606,-123.246,My daily go-to spot.,5,2023-01-22,UBC
1,UBC,49.2606,-123.246,A bit crowded but worth the wait.,4,2024-01-29,UBC
1,UBC,49.2606,-123.246,Great vibes and music.,4,2022-02-21,UBC
1,UBC,49.2606,-123.246,The manager is so nice.,5,2021-06-20,UBC
1,UBC,49.2606,-123.246,Consistently good coffee.,4,2023-06-05,UBC
1,UBC,49.2606,-123.246,"It's alright, nothing special.",3,2025-01-22,UBC
1,UBC,49.2606,-123.246,Average coffee.,3,2023-09-10,UBC
1,UBC,49.2606,-123.246,Highly recommend the latte.,5,2024-09-26,UBC
1,UBC,49.2606,-123.246,Absolutely love this place!,5,2025-04-24,UBC
1,UBC,49.2606,-123.246,A bit crowded but worth the wait.,4,2025-04-23,UBC
1,UBC,49.2606,-123.246,So glad I found this place.,4,2025-09-22,UBC
1,UBC,49.2606,-123.246,Great vibes and music.,5,2023-12-24,UBC
1,UBC,49.2606,-123.246,Best service in town.,4,2025-09-14,UBC
1,UBC,49.2606,-123.246,Excellent quality every time.,5,2021-04-14,UBC
1,UBC,49.2606,-123.246,A bit crowded but worth the wait.,4,2023-12-15,UBC
1,UBC,49.2606,-123.246,Excellent quality every time.,5,2025-07-28,UBC
1,UBC,49.2606,-123.246,Best service in town.,4,2023-08-26,UBC
1,UBC,49.2606,-123.246,Overall a bad experience.,2,2025-08-08,UBC
1,UBC,49.2606,-123.246,Average coffee.,3,2023-06-18,UBC
1,UBC,49.2606,-123.246,The manager is so nice.,5,2024-09-22,UBC
1,UBC,49.2606,-123.246,Decent food options.,3,2022-06-10,UBC
1,UBC,49.2606,-123.246,Highly recommend the latte.,4,2021-10-02,UBC
1,UBC,49.2606,-123.246,Always a pleasant experience.,4,2021-12-13,UBC
1,UBC,49.2606,-123.246,My daily go-to spot.,4,2023-12-21,UBC
1,UBC,49.2606,-123.246,The pastries are amazing.,4,2023-12-25,UBC
1,UBC,49.2606,-123.246,The service was a bit slow today.,3,2022-02-15,UBC
1,UBC,49.2606,-123.246,Highly recommend the latte.,4,2022-02-02,UBC
1,UBC,49.2606,-123.246,Consistently good coffee.,5,2021-12-08,UBC
1,UBC,49.2606,-123.246,My daily go-to spot.,4,2021-07-05,UBC
1,UBC,49.2606,-123.246,My order was wrong.,2,2023-03-10,UBC
1,UBC,49.2606,-123.246,Excellent quality every time.,4,2025-11-09,UBC
1,UBC,49.2606,-123.246,The manager is so nice.,5,2021-09-17,UBC
1,UBC,49.2606,-123.246,Best service in town.,4,2024-06-14,UBC
1,UBC,49.2606,-123.246,The manager is so nice.,5,2026-02-02,UBC
1,UBC,49.2606,-123.246,Excellent quality every time.,5,2025-10-20,UBC
1,UBC,49.2606,-123.246,Cleanliness could be improved.,1,2022-11-21,UBC
1,UBC,49.2606,-123.246,Best service in town.,5,2022-02-02,UBC
1,UBC,49.2606,-123.246,Friendly staff and great atmosphere.,5,2025-01-28,UBC
1,UBC,49.2606,-123.246,Great vibes and music.,5,2021-05-16,UBC
1,UBC,49.2606,-123.246,My daily go-to spot.,5,2022-12-31,UBC
1,UBC,49.2606,-123.246,A bit crowded but worth the wait.,5,2024-08-03,UBC
1,UBC,49.2606,-123.246,A bit crowded but worth the wait.,5,2022-05-21,UBC
1,UBC,49.2606,-123.246,A bit crowded but worth the wait.,5,2024-01-28,UBC
1,UBC,49.2606,-123.246,Average coffee.,3,2025-08-17,UBC
1,UBC,49.2606,-123.246,Fast wifi and good seating.,4,2025-03-24,UBC
1,UBC,49.2606,-123.246,Always a pleasant experience.,4,2021-04-03,UBC
1,UBC,49.2606,-123.246,The manager is so nice.,5,2022-09-30,UBC
1,UBC,49.2606,-123.246,Perfect for studying or working.,5,2023-11-20,UBC
1,UBC,49.2606,-123.246,The manager is so nice.,5,2022-12-31,UBC
1,UBC,49.2606,-123.246,The pastries are amazing.,4,2021-12-21,UBC
1,UBC,49.2606,-123.246,Absolutely love this place!,4,2024-01-23,UBC
1,UBC,49.2606,-123.246,Not worth the price.,1,2022-01-06,UBC
1,UBC,49.2606,-123.246,Excellent quality every time.,5,2026-02-04,UBC
1,UBC,49.2606,-123.246,The seating is a bit cramped.,3,2021-07-24,UBC
1,UBC,49.2606,-123.246,Always a pleasant experience.,4,2023-06-23,UBC
1,UBC,49.2606,-123.246,Best service in town.,4,2025-11-03,UBC
1,UBC,49.2606,-123.246,Very noisy and uncomfortable.,1,2022-06-21,UBC
1,UBC,49.2606,-123.246,Excellent quality every time.,5,2023-03-12,UBC
1,UBC,49.2606,-123.246,The seating is a bit cramped.,3,2022-05-31,UBC
1,UBC,49.2606,-123.246,So glad I found this place.,4,2022-06-02,UBC
1,UBC,49.2606,-123.246,Disappointed with the service.,2,2021-08-17,UBC
1,UBC,49.2606,-123.246,The staff seemed indifferent.,2,2022-07-11,UBC
1,UBC,49.2606,-123.246,The manager is so nice.,5,2021-12-22,UBC
1,UBC,49.2606,-123.246,Perfect for studying or working.,5,2024-12-23,UBC
1,UBC,49.2606,-123.246,Very noisy and uncomfortable.,1,2021-04-29,UBC
2,SFU,49.2781,-122.9199,Consistently good coffee.,5,2022-01-04,SFU
2,SFU,49.2781,-122.9199,Highly recommend the latte.,5,2023-07-07,SFU
2,SFU,49.2781,-122.9199,Very noisy and uncomfortable.,2,2021-03-05,SFU
2,SFU,49.2781,-122.9199,Best service in town.,4,2022-04-18,SFU
2,SFU,49.2781,-122.9199,Wait was way too long.,2,2021-06-05,SFU
2,SFU,49.2781,-122.9199,Not worth the price.,2,2021-06-15,SFU
2,SFU,49.2781,-122.9199,Overall a bad experience.,2,2021-12-14,SFU
2,SFU,49.2781,-122.9199,A bit crowded but worth the wait.,5,2023-11-04,SFU
2,SFU,49.2781,-122.9199,Always a pleasant experience.,4,2022-11-07,SFU
2,SFU,49.2781,-122.9199,Absolutely love this place!,5,2025-01-25,SFU
2,SFU,49.2781,-122.9199,Standard cafe experience.,3,2025-06-12,SFU
2,SFU,49.2781,-122.9199,Cleanliness could be improved.,1,2023-09-05,SFU
2,SFU,49.2781,-122.9199,The manager is so nice.,5,2023-11-27,SFU
2,SFU,49.2781,-122.9199,Consistently good coffee.,5,2025-06-11,SFU
2,SFU,49.2781,-122.9199,Wait times are inconsistent.,3,2022-06-26,SFU
2,SFU,49.2781,-122.9199,The pastries are amazing.,4,2025-03-27,SFU
2,SFU,49.2781,-122.9199,Excellent quality every time.,5,2022-05-21,SFU
2,SFU,49.2781,-122.9199,So glad I found this place.,5,2025-11-24,SFU
2,SFU,49.2781,-122.9199,A bit crowded but worth the wait.,4,2022-02-04,SFU
2,SFU,49.2781,-122.9199,Highly recommend the latte.,5,2022-10-24,SFU
2,SFU,49.2781,-122.9199,The pastries are amazing.,5,2025-10-13,SFU
2,SFU,49.2781,-122.9199,Highly recommend the latte.,5,2025-02-14,SFU
2,SFU,49.2781,-122.9199,Absolutely love this place!,4,2022-01-09,SFU
2,SFU,49.2781,-122.9199,Okay for a quick stop.,3,2023-05-02,SFU
2,SFU,49.2781,-122.9199,Excellent quality every time.,4,2024-07-15,SFU
2,SFU,49.2781,-122.9199,So glad I found this place.,4,2022-09-20,SFU
2,SFU,49.2781,-122.9199,Perfect for studying or working.,5,2023-07-09,SFU
2,SFU,49.2781,-122.9199,Best service in town.,5,2024-11-29,SFU
2,SFU,49.2781,-122.9199,The service was a bit slow today.,3,2023-01-17,SFU
2,SFU,49.2781,-122.9199,"It's alright, nothing special.",3,2025-12-29,SFU
2,SFU,49.2781,-122.9199,Excellent quality every time.,4,2023-11-11,SFU
2,SFU,49.2781,-122.9199,Average coffee.,3,2025-01-17,SFU
2,SFU,49.2781,-122.9199,Great vibes and music.,5,2025-10-31,SFU
2,SFU,49.2781,-122.9199,The staff seemed indifferent.,2,2023-03-01,SFU
2,SFU,49.2781,-122.9199,My daily go-to spot.,5,2023-07-02,SFU
2,SFU,49.2781,-122.9199,Friendly staff and great atmosphere.,5,2022-08-14,SFU
2,SFU,49.2781,-122.9199,The pastries are amazing.,5,2023-08-08,SFU
2,SFU,49.2781,-122.9199,Great vibes and music.,5,2022-07-02,SFU
2,SFU,49.2781,-122.9199,So glad I found this place.,5,2024-02-05,SFU
2,SFU,49.2781,-122.9199,The coffee was cold.,2,2024-07-26,SFU
2,SFU,49.2781,-122.9199,My daily go-to spot.,5,2022-04-09,SFU
2,SFU,49.2781,-122.9199,Always a pleasant experience.,4,2023-05-19,SFU
2,SFU,49.2781,-122.9199,Highly recommend the latte.,4,2022-10-31,SFU
2,SFU,49.2781,-122.9199,The manager is so nice.,5,2023-10-05,SFU
2,SFU,49.2781,-122.9199,The manager is so nice.,4,2023-07-26,SFU
2,SFU,49.2781,-122.9199,Highly recommend the latte.,5,2022-04-21,SFU
2,SFU,49.2781,-122.9199,Best service in town.,4,2023-01-29,SFU
2,SFU,49.2781,-122.9199,Won't be coming back soon.,2,2023-04-06,SFU
2,SFU,49.2781,-122.9199,Can be noisy during lunch.,3,2021-03-23,SFU
2,SFU,49.2781,-122.9199,The manager is so nice.,5,2022-11-05,SFU
2,SFU,49.2781,-122.9199,Excellent quality every time.,5,2022-06-12,SFU
2,SFU,49.2781,-122.9199,A bit crowded but worth the wait.,5,2024-09-23,SFU
2,SFU,49.2781,-122.9199,A bit crowded but worth the wait.,5,2024-08-14,SFU
2,SFU,49.2781,-122.9199,Always a pleasant experience.,4,2025-01-30,SFU
2,SFU,49.2781,-122.9199,Friendly staff and great atmosphere.,5,2021-04-11,SFU
2,SFU,49.2781,-122.9199,Always a pleasant experience.,4,2021-11-04,SFU
2,SFU,49.2781,-122.9199,The manager is so nice.,5,2025-03-16,SFU
2,SFU,49.2781,-122.9199,Friendly staff and great atmosphere.,4,2022-01-07,SFU
2,SFU,49.2781,-122.9199,Always a pleasant experience.,5,2024-10-29,SFU
2,SFU,49.2781,-122.9199,The pastries are amazing.,5,2021-04-09,SFU
2,SFU,49.2781,-122.9199,My daily go-to spot.,5,2023-11-21,SFU
2,SFU,49.2781,-122.9199,Best service in town.,4,2021-11-12,SFU
2,SFU,49.2781,-122.9199,The manager is so nice.,5,2021-07-17,SFU
2,SFU,49.2781,-122.9199,Not worth the price.,1,2021-03-24,SFU
2,SFU,49.2781,-122.9199,"It's alright, nothing special.",3,2022-06-08,SFU
2,SFU,49.2781,-122.9199,Absolutely love this place!,5,2025-05-25,SFU
2,SFU,49.2781,-122.9199,The seating is a bit cramped.,3,2023-09-03,SFU
2,SFU,49.2781,-122.9199,Absolutely love this place!,4,2025-11-20,SFU
2,SFU,49.2781,-122.9199,Cleanliness could be improved.,1,2025-04-05,SFU
2,SFU,49.2781,-122.9199,The pastries are amazing.,5,2025-09-07,SFU
2,SFU,49.2781,-122.9199,Fast wifi and good seating.,4,2023-11-10,SFU
2,SFU,49.2781,-122.9199,A bit on the expensive side.,3,2021-09-04,SFU
2,SFU,49.2781,-122.9199,Absolutely love this place!,5,2024-09-20,SFU
2,SFU,49.2781,-122.9199,Absolutely love this place!,5,2025-12-13,SFU
2,SFU,49.2781,-122.9199,Friendly staff and great atmosphere.,5,2022-07-01,SFU
2,SFU,49.2781,-122.9199,Always a pleasant experience.,4,2023-10-11,SFU
2,SFU,49.2781,-122.9199,Perfect for studying or working.,5,2024-11-15,SFU
2,SFU,49.2781,-122.9199,The manager is so nice.,5,2025-03-10,SFU
2,SFU,49.2781,-122.9199,Always a pleasant experience.,5,2025-09-28,SFU
2,SFU,49.2781,-122.9199,The manager is so nice.,4,2025-05-07,SFU
2,SFU,49.2781,-122.9199,Excellent quality every time.,5,2025-01-02,SFU
2,SFU,49.2781,-122.9199,My daily go-to spot.,4,2022-01-26,SFU
2,SFU,49.2781,-122.9199,Always a pleasant experience.,4,2022-03-31,SFU
2,SFU,49.2781,-122.9199,Excellent quality every time.,5,2023-08-23,SFU
2,SFU,49.2781,-122.9199,Best service in town.,4,2025-07-03,SFU
2,SFU,49.2781,-122.9199,Perfect for studying or working.,5,2021-05-11,SFU
2,SFU,49.2781,-122.9199,Cleanliness could be improved.,2,2023-05-10,SFU
2,SFU,49.2781,-122.9199,Absolutely love this place!,5,2025-03-28,SFU
2,SFU,49.2781,-122.9199,Fast wifi and good seating.,5,2024-03-25,SFU
2,SFU,49.2781,-122.9199,My daily go-to spot.,5,2022-03-31,SFU
2,SFU,49.2781,-122.9199,The pastries are amazing.,5,2024-08-12,SFU
2,SFU,49.2781,-122.9199,Great vibes and music.,5,2026-01-07,SFU
2,SFU,49.2781,-122.9199,The pastries are amazing.,5,2022-10-26,SFU
2,SFU,49.2781,-122.9199,Friendly staff and great atmosphere.,4,2023-01-04,SFU
2,SFU,49.2781,-122.9199,My daily go-to spot.,4,2024-06-12,SFU
2,SFU,49.2781,-122.9199,Absolutely love this place!,4,2024-01-20,SFU
2,SFU,49.2781,-122.9199,The pastries are amazing.,4,2021-04-03,SFU
2,SFU,49.2781,-122.9199,A bit on the expensive side.,3,2024-07-23,SFU
2,SFU,49.2781,-122.9199,The manager is so nice.,5,2021-11-13,SFU
2,SFU,49.2781,-122.9199,Perfect for studying or working.,4,2025-03-12,SFU
2,SFU,49.2781,-122.9199,Always a pleasant experience.,5,2023-09-09,SFU
2,SFU,49.2781,-122.9199,Very noisy and uncomfortable.,2,2025-05-27,SFU
2,SFU,49.2781,-122.9199,Best service in town.,5,2025-05-10,SFU
2,SFU,49.2781,-122.9199,Absolutely love this place!,4,2021-06-10,SFU
2,SFU,49.2781,-122.9199,The manager is so nice.,5,2023-05-16,SFU
2,SFU,49.2781,-122.9199,Cleanliness could be improved.,2,2025-10-27,SFU
2,SFU,49.2781,-122.9199,The pastries are amazing.,5,2025-03-02,SFU
2,SFU,49.2781,-122.9199,"It's alright, nothing special.",3,2021-08-05,SFU
2,SFU,49.2781,-122.9199,Fast wifi and good seating.,5,2025-05-07,SFU
2,SFU,49.2781,-122.9199,A bit crowded but worth the wait.,5,2025-09-11,SFU
2,SFU,49.2781,-122.9199,Won't be coming back soon.,1,2021-09-06,SFU
2,SFU,49.2781,-122.9199,The manager is so nice.,4,2022-03-16,SFU
2,SFU,49.2781,-122.9199,Always a pleasant experience.,5,2025-11-06,SFU
2,SFU,49.2781,-122.9199,Wait times are inconsistent.,3,2021-05-05,SFU
2,SFU,49.2781,-122.9199,My order was wrong.,2,2022-07-24,SFU
2,SFU,49.2781,-122.9199,The service was a bit slow today.,3,2025-03-25,SFU
2,SFU,49.2781,-122.9199,Excellent quality every time.,4,2024-01-19,SFU
2,SFU,49.2781,-122.9199,Perfect for studying or working.,5,2022-02-01,SFU
2,SFU,49.2781,-122.9199,Great vibes and music.,5,2021-11-14,SFU
2,SFU,49.2781,-122.9199,Great vibes and music.,5,2022-03-14,SFU
2,SFU,49.2781,-122.9199,Perfect for studying or working.,5,2022-11-08,SFU
2,SFU,49.2781,-122.9199,Perfect for studying or working.,5,2021-02-19,SFU
2,SFU,49.2781,-122.9199,Can be noisy during lunch.,3,2025-04-09,SFU
2,SFU,49.2781,-122.9199,The staff seemed indifferent.,1,2021-10-24,SFU
2,SFU,49.2781,-122.9199,Fast wifi and good seating.,5,2023-06-01,SFU
2,SFU,49.2781,-122.9199,The pastries are amazing.,5,2025-07-15,SFU
2,SFU,49.2781,-122.9199,Okay for a quick stop.,3,2021-03-17,SFU
2,SFU,49.2781,-122.9199,Great vibes and music.,4,2025-07-01,SFU
2,SFU,49.2781,-122.9199,So glad I found this place.,5,2023-11-16,SFU
2,SFU,49.2781,-122.9199,The manager is so nice.,5,2024-09-04,SFU
2,SFU,49.2781,-122.9199,The pastries are amazing.,4,2022-05-23,SFU
2,SFU,49.2781,-122.9199,Excellent quality every time.,4,2024-03-21,SFU
2,SFU,49.2781,-122.9199,Very noisy and uncomfortable.,1,2022-10-14,SFU
2,SFU,49.2781,-122.9199,Consistently good coffee.,4,2025-06-21,SFU
2,SFU,49.2781,-122.9199,So glad I found this place.,4,2021-03-04,SFU
2,SFU,49.2781,-122.9199,Friendly staff and great atmosphere.,4,2024-11-06,SFU
2,SFU,49.2781,-122.9199,Always a pleasant experience.,5,2026-01-23,SFU
2,SFU,49.2781,-122.9199,Absolutely love this place!,5,2025-09-13,SFU
2,SFU,49.2781,-122.9199,The pastries are amazing.,4,2024-03-11,SFU
2,SFU,49.2781,-122.9199,So glad I found this place.,4,2022-11-24,SFU
2,SFU,49.2781,-122.9199,So glad I found this place.,5,2025-09-21,SFU
2,SFU,49.2781,-122.9199,Decent food options.,3,2024-11-29,SFU
2,SFU,49.2781,-122.9199,Won't be coming back soon.,2,2024-04-13,SFU
2,SFU,49.2781,-122.9199,Disappointed with the service.,1,2023-09-24,SFU
2,SFU,49.2781,-122.9199,Not worth the price.,1,2025-10-21,SFU
2,SFU,49.2781,-122.9199,The seating is a bit cramped.,3,2024-07-02,SFU
2,SFU,49.2781,-122.9199,The manager is so nice.,5,2025-05-23,SFU
2,SFU,49.2781,-122.9199,Perfect for studying or working.,4,2024-04-11,SFU
2,SFU,49.2781,-122.9199,Consistently good coffee.,5,2025-10-16,SFU
2,SFU,49.2781,-122.9199,Wait times are inconsistent.,3,2022-05-16,SFU
3,Downtown,49.2827,-123.1207,Great vibes and music.,5,2022-01-27,Downtown
3,Downtown,49.2827,-123.1207,Highly recommend the latte.,5,2025-12-02,Downtown
3,Downtown,49.2827,-123.1207,The seating is a bit cramped.,3,2023-02-22,Downtown
3,Downtown,49.2827,-123.1207,Fast wifi and good seating.,5,2021-08-23,Downtown
3,Downtown,49.2827,-123.1207,Best service in town.,4,2025-05-20,Downtown
3,Downtown,49.2827,-123.1207,Great vibes and music.,4,2024-10-22,Downtown
3,Downtown,49.2827,-123.1207,A bit crowded but worth the wait.,4,2022-05-09,Downtown
3,Downtown,49.2827,-123.1207,Great vibes and music.,5,2022-10-18,Downtown
3,Downtown,49.2827,-123.1207,The manager is so nice.,4,2025-12-13,Downtown
3,Downtown,49.2827,-123.1207,Okay for a quick stop.,3,2022-12-24,Downtown
3,Downtown,49.2827,-123.1207,Always a pleasant experience.,5,2024-04-22,Downtown
3,Downtown,49.2827,-123.1207,Best service in town.,5,2022-08-27,Downtown
3,Downtown,49.2827,-123.1207,Okay for a quick stop.,3,2024-08-24,Downtown
3,Downtown,49.2827,-123.1207,Perfect for studying or working.,4,2023-10-11,Downtown
3,Downtown,49.2827,-123.1207,So glad I found this place.,5,2024-04-20,Downtown
3,Downtown,49.2827,-123.1207,Fast wifi and good seating.,4,2024-01-08,Downtown
3,Downtown,49.2827,-123.1207,Fast wifi and good seating.,5,2024-06-10,Downtown
3,Downtown,49.2827,-123.1207,Disappointed with the service.,2,2021-09-21,Downtown
3,Downtown,49.2827,-123.1207,Excellent quality every time.,4,2021-02-21,Downtown
3,Downtown,49.2827,-123.1207,A bit on the expensive side.,3,2025-11-05,Downtown
3,Downtown,49.2827,-123.1207,A bit on the expensive side.,3,2024-06-27,Downtown
3,Downtown,49.2827,-123.1207,The pastries are amazing.,5,2022-04-25,Downtown
3,Downtown,49.2827,-123.1207,Absolutely love this place!,5,2022-10-22,Downtown
3,Downtown,49.2827,-123.1207,Best service in town.,4,2024-03-10,Downtown
3,Downtown,49.2827,-123.1207,Friendly staff and great atmosphere.,4,2021-02-10,Downtown
3,Downtown,49.2827,-123.1207,The manager is so nice.,5,2023-01-27,Downtown
3,Downtown,49.2827,-123.1207,Highly recommend the latte.,4,2022-03-26,Downtown
3,Downtown,49.2827,-123.1207,My daily go-to spot.,5,2024-11-19,Downtown
3,Downtown,49.2827,-123.1207,Not worth the price.,2,2022-01-18,Downtown
3,Downtown,49.2827,-123.1207,A bit on the expensive side.,3,2025-12-27,Downtown
3,Downtown,49.2827,-123.1207,My order was wrong.,1,2022-04-24,Downtown
3,Downtown,49.2827,-123.1207,Great vibes and music.,5,2025-12-21,Downtown
3,Downtown,49.2827,-123.1207,Very noisy and uncomfortable.,2,2024-03-16,Downtown
3,Downtown,49.2827,-123.1207,Overall a bad experience.,1,2023-04-12,Downtown
3,Downtown,49.2827,-123.1207,The coffee was cold.,2,2023-12-17,Downtown
3,Downtown,49.2827,-123.1207,The manager is so nice.,4,2021-08-28,Downtown
3,Downtown,49.2827,-123.1207,Perfect for studying or working.,5,2021-10-02,Downtown
3,Downtown,49.2827,-123.1207,Consistently good coffee.,4,2023-01-31,Downtown
3,Downtown,49.2827,-123.1207,So glad I found this place.,5,2024-02-21,Downtown
3,Downtown,49.2827,-123.1207,Friendly staff and great atmosphere.,4,2022-05-13,Downtown
3,Downtown,49.2827,-123.1207,My order was wrong.,2,2023-12-25,Downtown
3,Downtown,49.2827,-123.1207,Perfect for studying or working.,4,2021-02-18,Downtown
3,Downtown,49.2827,-123.1207,A bit on the expensive side.,3,2023-04-03,Downtown
3,Downtown,49.2827,-123.1207,Best service in town.,4,2025-10-13,Downtown
3,Downtown,49.2827,-123.1207,The pastries are amazing.,5,2025-01-26,Downtown
3,Downtown,49.2827,-123.1207,So glad I found this place.,4,2022-12-08,Downtown
3,Downtown,49.2827,-123.1207,The manager is so nice.,5,2025-12-28,Downtown
3,Downtown,49.2827,-123.1207,Friendly staff and great atmosphere.,4,2024-06-21,Downtown
3,Downtown,49.2827,-123.1207,Excellent quality every time.,4,2021-10-19,Downtown
3,Downtown,49.2827,-123.1207,A bit on the expensive side.,3,2023-12-29,Downtown
3,Downtown,49.2827,-123.1207,The manager is so nice.,4,2024-11-30,Downtown
3,Downtown,49.2827,-123.1207,Average coffee.,3,2021-06-03,Downtown
3,Downtown,49.2827,-123.1207,My order was wrong.,1,2023-11-13,Downtown
3,Downtown,49.2827,-123.1207,A bit on the expensive side.,3,2024-05-14,Downtown
3,Downtown,49.2827,-123.1207,Best service in town.,5,2022-01-20,Downtown
3,Downtown,49.2827,-123.1207,Consistently good coffee.,5,2022-03-25,Downtown
3,Downtown,49.2827,-123.1207,Always a pleasant experience.,5,2025-12-03,Downtown
3,Downtown,49.2827,-123.1207,Fast wifi and good seating.,4,2022-02-21,Downtown
3,Downtown,49.2827,-123.1207,Fast wifi and good seating.,4,2023-05-07,Downtown
3,Downtown,49.2827,-123.1207,Excellent quality every time.,4,2023-10-06,Downtown
3,Downtown,49.2827,-123.1207,Always a pleasant experience.,4,2026-01-09,Downtown
3,Downtown,49.2827,-123.1207,The seating is a bit cramped.,3,2021-12-14,Downtown
3,Downtown,49.2827,-123.1207,Excellent quality every time.,5,2021-11-07,Downtown
3,Downtown,49.2827,-123.1207,The manager is so nice.,4,2025-06-26,Downtown
3,Downtown,49.2827,-123.1207,Perfect for studying or working.,5,2023-06-27,Downtown
3,Downtown,49.2827,-123.1207,Cleanliness could be improved.,1,2021-09-11,Downtown
3,Downtown,49.2827,-123.1207,The coffee was cold.,2,2025-05-20,Downtown
3,Downtown,49.2827,-123.1207,Wait times are inconsistent.,3,2022-08-09,Downtown
3,Downtown,49.2827,-123.1207,Perfect for studying or working.,5,2023-10-07,Downtown
3,Downtown,49.2827,-123.1207,"It's alright, nothing special.",3,2023-04-17,Downtown
3,Downtown,49.2827,-123.1207,Not worth the price.,1,2024-10-09,Downtown
3,Downtown,49.2827,-123.1207,Friendly staff and great atmosphere.,5,2025-03-28,Downtown
3,Downtown,49.2827,-123.1207,Consistently good coffee.,5,2023-06-16,Downtown
3,Downtown,49.2827,-123.1207,The service was a bit slow today.,3,2023-10-31,Downtown
3,Downtown,49.2827,-123.1207,Can be noisy during lunch.,3,2023-09-17,Downtown
3,Downtown,49.2827,-123.1207,Absolutely love this place!,5,2022-11-06,Downtown
3,Downtown,49.2827,-123.1207,Friendly staff and great atmosphere.,5,2025-12-29,Downtown
3,Downtown,49.2827,-123.1207,Wait times are inconsistent.,3,2025-11-11,Downtown
3,Downtown,49.2827,-123.1207,Average coffee.,3,2025-01-28,Downtown
3,Downtown,49.2827,-123.1207,Okay for a quick stop.,3,2023-01-27,Downtown
3,Downtown,49.2827,-123.1207,So glad I found this place.,5,2024-01-05,Downtown
3,Downtown,49.2827,-123.1207,Best service in town.,5,2025-03-21,Downtown
3,Downtown,49.2827,-123.1207,Perfect for studying or working.,5,2022-06-06,Downtown
3,Downtown,49.2827,-123.1207,Consistently good coffee.,4,2021-07-30,Downtown
3,Downtown,49.2827,-123.1207,Best service in town.,4,2022-07-18,Downtown
3,Downtown,49.2827,-123.1207,Wait times are inconsistent.,3,2025-05-14,Downtown
3,Downtown,49.2827,-123.1207,A bit crowded but worth the wait.,5,2022-12-29,Downtown
3,Downtown,49.2827,-123.1207,My daily go-to spot.,5,2025-12-22,Downtown
3,Downtown,49.2827,-123.1207,My daily go-to spot.,4,2026-01-19,Downtown
3,Downtown,49.2827,-123.1207,Fast wifi and good seating.,5,2022-09-15,Downtown
3,Downtown,49.2827,-123.1207,So glad I found this place.,5,2024-06-30,Downtown
3,Downtown,49.2827,-123.1207,Wait times are inconsistent.,3,2024-09-04,Downtown
3,Downtown,49.2827,-123.1207,The seating is a bit cramped.,3,2021-03-27,Downtown
3,Downtown,49.2827,-123.1207,Absolutely love this place!,4,2021-03-01,Downtown
3,Downtown,49.2827,-123.1207,Best service in town.,5,2022-04-10,Downtown
3,Downtown,49.2827,-123.1207,The manager is so nice.,5,2025-11-27,Downtown
3,Downtown,49.2827,-123.1207,So glad I found this place.,4,2025-10-01,Downtown
3,Downtown,49.2827,-123.1207,The coffee was cold.,2,2022-09-26,Downtown
3,Downtown,49.2827,-123.1207,Okay for a quick stop.,3,2025-07-13,Downtown
3,Downtown,49.2827,-123.1207,Average coffee.,3,2021-09-20,Downtown
3,Downtown,49.2827,-123.1207,Fast wifi and good seating.,5,2024-03-18,Downtown
3,Downtown,49.2827,-123.1207,The manager is so nice.,4,2025-12-29,Downtown
3,Downtown,49.2827,-123.1207,My order was wrong.,2,2023-04-09,Downtown
3,Downtown,49.2827,-123.1207,Always a pleasant experience.,5,2022-10-11,Downtown
3,Downtown,49.2827,-123.1207,The coffee was cold.,1,2022-01-25,Downtown
3,Downtown,49.2827,-123.1207,My daily go-to spot.,4,2023-12-30,Downtown
3,Downtown,49.2827,-123.1207,Highly recommend the latte.,4,2022-01-27,Downtown
3,Downtown,49.2827,-123.1207,Okay for a quick stop.,3,2022-03-14,Downtown
3,Downtown,49.2827,-123.1207,Overall a bad experience.,2,2025-11-03,Downtown
3,Downtown,49.2827,-123.1207,Excellent quality every time.,5,2021-09-23,Downtown
3,Downtown,49.2827,-123.1207,Highly recommend the latte.,4,2021-12-25,Downtown
3,Downtown,49.2827,-123.1207,So glad I found this place.,5,2024-02-20,Downtown
3,Downtown,49.2827,-123.1207,So glad I found this place.,5,2024-05-23,Downtown
3,Downtown,49.2827,-123.1207,Okay for a quick stop.,3,2026-01-23,Downtown
3,Downtown,49.2827,-123.1207,The manager is so nice.,5,2022-01-22,Downtown
3,Downtown,49.2827,-123.1207,Standard cafe experience.,3,2021-05-13,Downtown
3,Downtown,49.2827,-123.1207,Consistently good coffee.,4,2024-11-16,Downtown
3,Downtown,49.2827,-123.1207,Always a pleasant experience.,5,2025-06-10,Downtown
3,Downtown,49.2827,-123.1207,Highly recommend the latte.,5,2023-03-04,Downtown
3,Downtown,49.2827,-123.1207,Fast wifi and good seating.,5,2024-03-03,Downtown
3,Downtown,49.2827,-123.1207,My daily go-to spot.,4,2023-12-21,Downtown
3,Downtown,49.2827,-123.1207,Best service in town.,4,2023-05-10,Downtown
3,Downtown,49.2827,-123.1207,Best service in town.,5,2021-06-28,Downtown
3,Downtown,49.2827,-123.1207,Great vibes and music.,5,2022-09-24,Downtown
3,Downtown,49.2827,-123.1207,Consistently good coffee.,4,2021-11-09,Downtown
3,Downtown,49.2827,-123.1207,My daily go-to spot.,5,2024-10-31,Downtown
3,Downtown,49.2827,-123.1207,Consistently good coffee.,4,2022-06-08,Downtown
3,Downtown,49.2827,-123.1207,Absolutely love this place!,5,2024-04-27,Downtown
3,Downtown,49.2827,-123.1207,Overall a bad experience.,2,2021-09-30,Downtown
3,Downtown,49.2827,-123.1207,Best service in town.,5,2023-04-01,Downtown
3,Downtown,49.2827,-123.1207,Can be noisy during lunch.,3,2025-02-19,Downtown
3,Downtown,49.2827,-123.1207,Excellent quality every time.,4,2024-03-12,Downtown
3,Downtown,49.2827,-123.1207,Excellent quality every time.,5,2024-02-06,Downtown
3,Downtown,49.2827,-123.1207,Standard cafe experience.,3,2022-05-13,Downtown
3,Downtown,49.2827,-123.1207,Consistently good coffee.,5,2021-06-21,Downtown
3,Downtown,49.2827,-123.1207,My daily go-to spot.,5,2023-01-27,Downtown
3,Downtown,49.2827,-123.1207,A bit on the expensive side.,3,2023-08-10,Downtown
3,Downtown,49.2827,-123.1207,Standard cafe experience.,3,2021-07-20,Downtown
3,Downtown,49.2827,-123.1207,A bit crowded but worth the wait.,5,2023-11-19,Downtown
3,Downtown,49.2827,-123.1207,The pastries are amazing.,5,2023-10-01,Downtown
3,Downtown,49.2827,-123.1207,Wait was way too long.,2,2021-06-06,Downtown
3,Downtown,49.2827,-123.1207,My daily go-to spot.,5,2023-12-18,Downtown
3,Downtown,49.2827,-123.1207,The coffee was cold.,2,2025-04-23,Downtown
3,Downtown,49.2827,-123.1207,Perfect for studying or working.,5,2021-05-31,Downtown
3,Downtown,49.2827,-123.1207,Highly recommend the latte.,5,2022-11-01,Downtown
3,Downtown,49.2827,-123.1207,"It's alright, nothing special.",3,2024-01-06,Downtown
3,Downtown,49.2827,-123.1207,The pastries are amazing.,5,2022-01-26,Downtown
3,Downtown,49.2827,-123.1207,Consistently good coffee.,4,2023-05-07,Downtown
3,Downtown,49.2827,-123.1207,Perfect for studying or working.,4,2023-01-04,Downtown
3,Downtown,49.2827,-123.1207,The manager is so nice.,5,2024-05-25,Downtown
4,Main Street,49.2435,-123.1012,Standard cafe experience.,3,2022-12-27,Main St
4,Main Street,49.2435,-123.1012,Consistently good coffee.,4,2024-09-30,Main St
4,Main Street,49.2435,-123.1012,A bit crowded but worth the wait.,4,2024-07-14,Main St
4,Main Street,49.2435,-123.1012,Disappointed with the service.,2,2025-06-16,Main St
4,Main Street,49.2435,-123.1012,Perfect for studying or working.,5,2024-10-26,Main St
4,Main Street,49.2435,-123.1012,Always a pleasant experience.,4,2025-06-24,Main St
4,Main Street,49.2435,-123.1012,Standard cafe experience.,3,2024-06-08,Main St
4,Main Street,49.2435,-123.1012,Excellent quality every time.,4,2024-10-06,Main St
4,Main Street,49.2435,-123.1012,Highly recommend the latte.,4,2022-04-18,Main St
4,Main Street,49.2435,-123.1012,Great vibes and music.,4,2024-06-16,Main St
4,Main Street,49.2435,-123.1012,The service was a bit slow today.,3,2021-02-15,Main St
4,Main Street,49.2435,-123.1012,A bit crowded but worth the wait.,4,2021-09-08,Main St
4,Main Street,49.2435,-123.1012,Highly recommend the latte.,5,2023-06-16,Main St
4,Main Street,49.2435,-123.1012,Absolutely love this place!,5,2024-07-29,Main St
4,Main Street,49.2435,-123.1012,Always a pleasant experience.,5,2025-09-16,Main St
4,Main Street,49.2435,-123.1012,Fast wifi and good seating.,5,2025-07-09,Main St
4,Main Street,49.2435,-123.1012,A bit crowded but worth the wait.,5,2024-12-20,Main St
4,Main Street,49.2435,-123.1012,Friendly staff and great atmosphere.,5,2023-05-28,Main St
4,Main Street,49.2435,-123.1012,Always a pleasant experience.,4,2021-09-22,Main St
4,Main Street,49.2435,-123.1012,Wait was way too long.,2,2025-02-24,Main St
4,Main Street,49.2435,-123.1012,Perfect for studying or working.,4,2022-06-08,Main St
4,Main Street,49.2435,-123.1012,A bit crowded but worth the wait.,4,2022-06-26,Main St
4,Main Street,49.2435,-123.1012,Always a pleasant experience.,4,2023-07-08,Main St
4,Main Street,49.2435,-123.1012,The coffee was cold.,2,2025-03-12,Main St
4,Main Street,49.2435,-123.1012,The pastries are amazing.,4,2024-06-11,Main St
4,Main Street,49.2435,-123.1012,Always a pleasant experience.,5,2025-11-22,Main St
4,Main Street,49.2435,-123.1012,A bit on the expensive side.,3,2024-12-15,Main St
4,Main Street,49.2435,-123.1012,Friendly staff and great atmosphere.,4,2021-08-20,Main St
4,Main Street,49.2435,-123.1012,So glad I found this place.,5,2023-10-10,Main St
4,Main Street,49.2435,-123.1012,A bit crowded but worth the wait.,4,2023-01-13,Main St
4,Main Street,49.2435,-123.1012,Great vibes and music.,4,2024-07-25,Main St
4,Main Street,49.2435,-123.1012,The staff seemed indifferent.,1,2023-07-25,Main St
4,Main Street,49.2435,-123.1012,Disappointed with the service.,2,2022-11-05,Main St
4,Main Street,49.2435,-123.1012,Best service in town.,5,2025-03-11,Main St
4,Main Street,49.2435,-123.1012,Best service in town.,5,2025-10-22,Main St
4,Main Street,49.2435,-123.1012,Always a pleasant experience.,4,2023-02-27,Main St
4,Main Street,49.2435,-123.1012,Great vibes and music.,4,2025-09-27,Main St
4,Main Street,49.2435,-123.1012,Friendly staff and great atmosphere.,4,2024-04-18,Main St
4,Main Street,49.2435,-123.1012,Great vibes and music.,4,2023-07-27,Main St
4,Main Street,49.2435,-123.1012,A bit crowded but worth the wait.,5,2025-10-24,Main St
4,Main Street,49.2435,-123.1012,Average coffee.,3,2026-01-05,Main St
4,Main Street,49.2435,-123.1012,Great vibes and music.,4,2025-06-27,Main St
4,Main Street,49.2435,-123.1012,A bit crowded but worth the wait.,4,2023-12-26,Main St
4,Main Street,49.2435,-123.1012,Consistently good coffee.,5,2024-06-22,Main St
4,Main Street,49.2435,-123.1012,Consistently good coffee.,5,2024-06-23,Main St
4,Main Street,49.2435,-123.1012,Average coffee.,3,2023-09-16,Main St
4,Main Street,49.2435,-123.1012,Best service in town.,5,2023-10-21,Main St
4,Main Street,49.2435,-123.1012,Always a pleasant experience.,5,2023-09-21,Main St
4,Main Street,49.2435,-123.1012,Friendly staff and great atmosphere.,5,2021-07-20,Main St
4,Main Street,49.2435,-123.1012,The coffee was cold.,1,2025-01-19,Main St
4,Main Street,49.2435,-123.1012,Always a pleasant experience.,4,2025-10-11,Main St
4,Main Street,49.2435,-123.1012,Okay for a quick stop.,3,2023-01-19,Main St
4,Main Street,49.2435,-123.1012,Excellent quality every time.,4,2021-10-25,Main St
4,Main Street,49.2435,-123.1012,Absolutely love this place!,5,2023-11-03,Main St
4,Main Street,49.2435,-123.1012,Wait was way too long.,2,2025-06-28,Main St
4,Main Street,49.2435,-123.1012,Friendly staff and great atmosphere.,5,2025-12-07,Main St
4,Main Street,49.2435,-123.1012,Average coffee.,3,2021-03-29,Main St
4,Main Street,49.2435,-123.1012,Consistently good coffee.,5,2024-09-13,Main St
4,Main Street,49.2435,-123.1012,The coffee was cold.,2,2023-05-26,Main St
4,Main Street,49.2435,-123.1012,Always a pleasant experience.,5,2023-04-19,Main St
4,Main Street,49.2435,-123.1012,The pastries are amazing.,5,2025-10-04,Main St
4,Main Street,49.2435,-123.1012,Friendly staff and great atmosphere.,5,2021-10-29,Main St
4,Main Street,49.2435,-123.1012,Cleanliness could be improved.,2,2024-09-10,Main St
4,Main Street,49.2435,-123.1012,The pastries are amazing.,5,2024-12-26,Main St
4,Main Street,49.2435,-123.1012,Always a pleasant experience.,5,2021-07-10,Main St
4,Main Street,49.2435,-123.1012,The seating is a bit cramped.,3,2021-09-29,Main St
4,Main Street,49.2435,-123.1012,Fast wifi and good seating.,5,2024-08-25,Main St
4,Main Street,49.2435,-123.1012,Excellent quality every time.,4,2024-06-04,Main St
4,Main Street,49.2435,-123.1012,A bit crowded but worth the wait.,4,2022-01-08,Main St
4,Main Street,49.2435,-123.1012,The pastries are amazing.,5,2022-05-18,Main St
4,Main Street,49.2435,-123.1012,Great vibes and music.,4,2023-09-24,Main St
4,Main Street,49.2435,-123.1012,Can be noisy during lunch.,3,2024-10-28,Main St
4,Main Street,49.2435,-123.1012,Overall a bad experience.,1,2024-02-15,Main St
4,Main Street,49.2435,-123.1012,Very noisy and uncomfortable.,2,2023-11-27,Main St
4,Main Street,49.2435,-123.1012,The staff seemed indifferent.,1,2023-07-15,Main St
4,Main Street,49.2435,-123.1012,The staff seemed indifferent.,2,2023-10-31,Main St
4,Main Street,49.2435,-123.1012,Overall a bad experience.,2,2023-02-20,Main St
4,Main Street,49.2435,-123.1012,Wait times are inconsistent.,3,2021-02-25,Main St
4,Main Street,49.2435,-123.1012,The coffee was cold.,2,2021-09-01,Main St
4,Main Street,49.2435,-123.1012,Cleanliness could be improved.,1,2024-03-23,Main St
4,Main Street,49.2435,-123.1012,Wait times are inconsistent.,3,2024-10-27,Main St
4,Main Street,49.2435,-123.1012,Highly recommend the latte.,5,2026-01-12,Main St
4,Main Street,49.2435,-123.1012,Not worth the price.,2,2021-05-23,Main St
4,Main Street,49.2435,-123.1012,Not worth the price.,2,2022-04-09,Main St
4,Main Street,49.2435,-123.1012,Fast wifi and good seating.,5,2025-06-27,Main St
4,Main Street,49.2435,-123.1012,Wait times are inconsistent.,3,2024-08-08,Main St
4,Main Street,49.2435,-123.1012,Absolutely love this place!,5,2021-10-24,Main St
4,Main Street,49.2435,-123.1012,My order was wrong.,1,2023-03-16,Main St
4,Main Street,49.2435,-123.1012,Perfect for studying or working.,4,2023-01-14,Main St
4,Main Street,49.2435,-123.1012,Highly recommend the latte.,4,2025-03-04,Main St
4,Main Street,49.2435,-123.1012,The manager is so nice.,5,2021-08-13,Main St
4,Main Street,49.2435,-123.1012,Great vibes and music.,4,2021-06-30,Main St
4,Main Street,49.2435,-123.1012,Consistently good coffee.,5,2023-09-04,Main St
4,Main Street,49.2435,-123.1012,Great vibes and music.,5,2024-09-19,Main St
4,Main Street,49.2435,-123.1012,The manager is so nice.,5,2024-12-17,Main St
4,Main Street,49.2435,-123.1012,Always a pleasant experience.,5,2024-09-15,Main St
4,Main Street,49.2435,-123.1012,Highly recommend the latte.,5,2022-10-29,Main St
4,Main Street,49.2435,-123.1012,The seating is a bit cramped.,3,2025-05-23,Main St
4,Main Street,49.2435,-123.1012,A bit on the expensive side.,3,2022-01-07,Main St
4,Main Street,49.2435,-123.1012,The pastries are amazing.,5,2021-09-08,Main St
4,Main Street,49.2435,-123.1012,Highly recommend the latte.,4,2022-06-01,Main St
4,Main Street,49.2435,-123.1012,Can be noisy during lunch.,3,2022-11-14,Main St
4,Main Street,49.2435,-123.1012,Highly recommend the latte.,4,2022-03-01,Main St
4,Main Street,49.2435,-123.1012,Friendly staff and great atmosphere.,4,2024-11-27,Main St
4,Main Street,49.2435,-123.1012,Fast wifi and good seating.,4,2025-09-08,Main St
4,Main Street,49.2435,-123.1012,Friendly staff and great atmosphere.,5,2024-09-18,Main St
4,Main Street,49.2435,-123.1012,Absolutely love this place!,5,2024-05-29,Main St
4,Main Street,49.2435,-123.1012,A bit crowded but worth the wait.,4,2023-10-14,Main St
4,Main Street,49.2435,-123.1012,Wait was way too long.,2,2024-05-19,Main St
4,Main Street,49.2435,-123.1012,"It's alright, nothing special.",3,2022-12-20,Main St
4,Main Street,49.2435,-123.1012,Standard cafe experience.,3,2023-03-21,Main St
4,Main Street,49.2435,-123.1012,The seating is a bit cramped.,3,2022-07-31,Main St
4,Main Street,49.2435,-123.1012,Friendly staff and great atmosphere.,4,2023-05-30,Main St
4,Main Street,49.2435,-123.1012,The manager is so nice.,4,2025-12-17,Main St
4,Main Street,49.2435,-123.1012,Excellent quality every time.,5,2021-06-10,Main St
4,Main Street,49.2435,-123.1012,So glad I found this place.,5,2023-02-24,Main St
4,Main Street,49.2435,-123.1012,Best service in town.,5,2022-03-01,Main St
4,Main Street,49.2435,-123.1012,Highly recommend the latte.,5,2024-07-03,Main St
4,Main Street,49.2435,-123.1012,Disappointed with the service.,2,2021-09-14,Main St
4,Main Street,49.2435,-123.1012,Excellent quality every time.,5,2021-08-06,Main St
4,Main Street,49.2435,-123.1012,Excellent quality every time.,5,2025-06-23,Main St
4,Main Street,49.2435,-123.1012,Great vibes and music.,4,2023-02-09,Main St
4,Main Street,49.2435,-123.1012,Fast wifi and good seating.,5,2026-01-29,Main St
4,Main Street,49.2435,-123.1012,Highly recommend the latte.,4,2021-10-06,Main St
4,Main Street,49.2435,-123.1012,The pastries are amazing.,5,2022-07-11,Main St
4,Main Street,49.2435,-123.1012,Disappointed with the service.,1,2022-05-15,Main St
4,Main Street,49.2435,-123.1012,A bit crowded but worth the wait.,4,2024-04-07,Main St
4,Main Street,49.2435,-123.1012,Great vibes and music.,5,2021-06-23,Main St
4,Main Street,49.2435,-123.1012,Excellent quality every time.,5,2025-06-28,Main St
4,Main Street,49.2435,-123.1012,My order was wrong.,1,2022-07-06,Main St
4,Main Street,49.2435,-123.1012,The service was a bit slow today.,3,2022-07-06,Main St
4,Main Street,49.2435,-123.1012,Can be noisy during lunch.,3,2021-04-03,Main St
4,Main Street,49.2435,-123.1012,Always a pleasant experience.,5,2026-01-16,Main St
4,Main Street,49.2435,-123.1012,The pastries are amazing.,4,2025-08-05,Main St
4,Main Street,49.2435,-123.1012,The manager is so nice.,4,2025-08-17,Main St
4,Main Street,49.2435,-123.1012,Great vibes and music.,4,2024-01-29,Main St
4,Main Street,49.2435,-123.1012,Cleanliness could be improved.,1,2022-01-16,Main St
4,Main Street,49.2435,-123.1012,Won't be coming back soon.,2,2025-07-08,Main St
4,Main Street,49.2435,-123.1012,A bit crowded but worth the wait.,5,2022-10-01,Main St
4,Main Street,49.2435,-123.1012,Great vibes and music.,4,2024-01-11,Main St
4,Main Street,49.2435,-123.1012,The coffee was cold.,2,2025-12-31,Main St
4,Main Street,49.2435,-123.1012,The seating is a bit cramped.,3,2025-09-18,Main St
4,Main Street,49.2435,-123.1012,Consistently good coffee.,5,2024-01-07,Main St
4,Main Street,49.2435,-123.1012,Consistently good coffee.,5,2024-09-18,Main St
4,Main Street,49.2435,-123.1012,Won't be coming back soon.,2,2024-07-16,Main St
4,Main Street,49.2435,-123.1012,Okay for a quick stop.,3,2021-02-16,Main St
4,Main Street,49.2435,-123.1012,Best service in town.,5,2023-04-04,Main St
4,Main Street,49.2435,-123.1012,Decent food options.,3,2022-02-10,Main St
4,Main Street,49.2435,-123.1012,So glad I found this place.,5,2021-05-06,Main St
4,Main Street,49.2435,-123.1012,Highly recommend the latte.,4,2023-10-29,Main St
5,Richmond,49.1666,-123.1336,Decent food options.,3,2023-11-26,Richmond
5,Richmond,49.1666,-123.1336,Great vibes and music.,5,2025-05-22,Richmond
5,Richmond,49.1666,-123.1336,Decent food options.,3,2021-11-17,Richmond
5,Richmond,49.1666,-123.1336,A bit crowded but worth the wait.,5,2021-06-28,Richmond
5,Richmond,49.1666,-123.1336,Disappointed with the service.,2,2025-09-02,Richmond
5,Richmond,49.1666,-123.1336,Absolutely love this place!,5,2021-07-09,Richmond
5,Richmond,49.1666,-123.1336,Fast wifi and good seating.,5,2021-08-13,Richmond
5,Richmond,49.1666,-123.1336,Friendly staff and great atmosphere.,4,2024-01-08,Richmond
5,Richmond,49.1666,-123.1336,Not worth the price.,1,2024-09-15,Richmond
5,Richmond,49.1666,-123.1336,Great vibes and music.,4,2023-08-02,Richmond
5,Richmond,49.1666,-123.1336,Won't be coming back soon.,2,2022-09-03,Richmond
5,Richmond,49.1666,-123.1336,Absolutely love this place!,4,2023-06-24,Richmond
5,Richmond,49.1666,-123.1336,The staff seemed indifferent.,2,2022-07-21,Richmond
5,Richmond,49.1666,-123.1336,Not worth the price.,2,2025-01-12,Richmond
5,Richmond,49.1666,-123.1336,Best service in town.,4,2022-03-29,Richmond
5,Richmond,49.1666,-123.1336,Excellent quality every time.,4,2022-06-24,Richmond
5,Richmond,49.1666,-123.1336,The pastries are amazing.,4,2022-12-18,Richmond
5,Richmond,49.1666,-123.1336,Standard cafe experience.,3,2021-06-09,Richmond
5,Richmond,49.1666,-123.1336,So glad I found this place.,4,2021-05-30,Richmond
5,Richmond,49.1666,-123.1336,Always a pleasant experience.,4,2021-08-07,Richmond
5,Richmond,49.1666,-123.1336,Best service in town.,5,2024-05-22,Richmond
5,Richmond,49.1666,-123.1336,Perfect for studying or working.,4,2025-07-31,Richmond
5,Richmond,49.1666,-123.1336,A bit crowded but worth the wait.,5,2025-01-07,Richmond
5,Richmond,49.1666,-123.1336,A bit crowded but worth the wait.,4,2023-04-25,Richmond
5,Richmond,49.1666,-123.1336,Disappointed with the service.,1,2021-10-02,Richmond
5,Richmond,49.1666,-123.1336,Great vibes and music.,5,2024-02-18,Richmond
5,Richmond,49.1666,-123.1336,Absolutely love this place!,4,2022-06-14,Richmond
5,Richmond,49.1666,-123.1336,Perfect for studying or working.,5,2021-08-16,Richmond
5,Richmond,49.1666,-123.1336,Fast wifi and good seating.,5,2024-02-06,Richmond
5,Richmond,49.1666,-123.1336,Friendly staff and great atmosphere.,4,2022-10-23,Richmond
5,Richmond,49.1666,-123.1336,My order was wrong.,2,2025-11-17,Richmond
5,Richmond,49.1666,-123.1336,Cleanliness could be improved.,2,2021-10-05,Richmond
5,Richmond,49.1666,-123.1336,The pastries are amazing.,5,2025-06-28,Richmond
5,Richmond,49.1666,-123.1336,Perfect for studying or working.,4,2025-01-19,Richmond
5,Richmond,49.1666,-123.1336,Absolutely love this place!,4,2024-08-01,Richmond
5,Richmond,49.1666,-123.1336,Always a pleasant experience.,5,2025-12-08,Richmond
5,Richmond,49.1666,-123.1336,My order was wrong.,2,2022-04-15,Richmond
5,Richmond,49.1666,-123.1336,Cleanliness could be improved.,2,2024-01-31,Richmond
5,Richmond,49.1666,-123.1336,So glad I found this place.,4,2023-10-22,Richmond
5,Richmond,49.1666,-123.1336,Consistently good coffee.,5,2021-10-22,Richmond
5,Richmond,49.1666,-123.1336,Great vibes and music.,5,2023-07-24,Richmond
5,Richmond,49.1666,-123.1336,Great vibes and music.,5,2022-01-29,Richmond
5,Richmond,49.1666,-123.1336,Consistently good coffee.,4,2026-01-12,Richmond
5,Richmond,49.1666,-123.1336,Very noisy and uncomfortable.,2,2021-10-24,Richmond
5,Richmond,49.1666,-123.1336,The manager is so nice.,4,2024-07-03,Richmond
5,Richmond,49.1666,-123.1336,My order was wrong.,2,2023-05-06,Richmond
5,Richmond,49.1666,-123.1336,Highly recommend the latte.,4,2025-10-24,Richmond
5,Richmond,49.1666,-123.1336,A bit crowded but worth the wait.,4,2021-07-16,Richmond
5,Richmond,49.1666,-123.1336,The coffee was cold.,2,2023-04-11,Richmond
5,Richmond,49.1666,-123.1336,A bit crowded but worth the wait.,5,2023-07-29,Richmond
5,Richmond,49.1666,-123.1336,A bit on the expensive side.,3,2023-01-01,Richmond
5,Richmond,49.1666,-123.1336,"It's alright, nothing special.",3,2021-03-02,Richmond
5,Richmond,49.1666,-123.1336,Highly recommend the latte.,4,2021-08-14,Richmond
5,Richmond,49.1666,-123.1336,Excellent quality every time.,4,2021-10-13,Richmond
5,Richmond,49.1666,-123.1336,Okay for a quick stop.,3,2022-06-24,Richmond
5,Richmond,49.1666,-123.1336,Best service in town.,5,2025-06-12,Richmond
5,Richmond,49.1666,-123.1336,Friendly staff and great atmosphere.,4,2025-10-08,Richmond
5,Richmond,49.1666,-123.1336,Disappointed with the service.,2,2022-09-06,Richmond
5,Richmond,49.1666,-123.1336,So glad I found this place.,4,2025-03-07,Richmond
5,Richmond,49.1666,-123.1336,Overall a bad experience.,2,2021-02-24,Richmond
5,Richmond,49.1666,-123.1336,Best service in town.,5,2022-07-08,Richmond
5,Richmond,49.1666,-123.1336,A bit crowded but worth the wait.,4,2024-12-29,Richmond
5,Richmond,49.1666,-123.1336,The pastries are amazing.,5,2021-04-08,Richmond
5,Richmond,49.1666,-123.1336,So glad I found this place.,5,2024-01-16,Richmond
5,Richmond,49.1666,-123.1336,The service was a bit slow today.,3,2025-05-23,Richmond
5,Richmond,49.1666,-123.1336,Excellent quality every time.,5,2024-09-21,Richmond
5,Richmond,49.1666,-123.1336,Great vibes and music.,4,2025-10-22,Richmond
5,Richmond,49.1666,-123.1336,Perfect for studying or working.,5,2021-05-16,Richmond
5,Richmond,49.1666,-123.1336,Fast wifi and good seating.,5,2022-12-23,Richmond
5,Richmond,49.1666,-123.1336,Great vibes and music.,5,2023-05-22,Richmond
5,Richmond,49.1666,-123.1336,The manager is so nice.,4,2022-10-26,Richmond
5,Richmond,49.1666,-123.1336,The manager is so nice.,5,2022-06-04,Richmond
5,Richmond,49.1666,-123.1336,Okay for a quick stop.,3,2022-07-01,Richmond
5,Richmond,49.1666,-123.1336,Best service in town.,4,2024-03-19,Richmond
5,Richmond,49.1666,-123.1336,Perfect for studying or working.,5,2024-01-08,Richmond
5,Richmond,49.1666,-123.1336,Friendly staff and great atmosphere.,5,2022-07-16,Richmond
5,Richmond,49.1666,-123.1336,Always a pleasant experience.,4,2024-07-28,Richmond
5,Richmond,49.1666,-123.1336,Absolutely love this place!,4,2021-06-14,Richmond
5,Richmond,49.1666,-123.1336,Always a pleasant experience.,5,2023-04-28,Richmond
5,Richmond,49.1666,-123.1336,The coffee was cold.,2,2021-07-17,Richmond
5,Richmond,49.1666,-123.1336,Perfect for studying or working.,4,2026-01-14,Richmond
5,Richmond,49.1666,-123.1336,Very noisy and uncomfortable.,2,2023-12-10,Richmond
5,Richmond,49.1666,-123.1336,Absolutely love this place!,5,2021-12-24,Richmond
5,Richmond,49.1666,-123.1336,Best service in town.,5,2022-08-14,Richmond
5,Richmond,49.1666,-123.1336,My daily go-to spot.,4,2025-09-18,Richmond
5,Richmond,49.1666,-123.1336,The manager is so nice.,4,2025-09-29,Richmond
5,Richmond,49.1666,-123.1336,Highly recommend the latte.,5,2024-04-02,Richmond
5,Richmond,49.1666,-123.1336,Great vibes and music.,4,2022-04-27,Richmond
5,Richmond,49.1666,-123.1336,Consistently good coffee.,5,2024-08-13,Richmond
5,Richmond,49.1666,-123.1336,Absolutely love this place!,4,2026-01-22,Richmond
5,Richmond,49.1666,-123.1336,Excellent quality every time.,5,2024-05-24,Richmond
5,Richmond,49.1666,-123.1336,So glad I found this place.,4,2022-07-24,Richmond
5,Richmond,49.1666,-123.1336,Decent food options.,3,2021-06-19,Richmond
5,Richmond,49.1666,-123.1336,Won't be coming back soon.,2,2024-12-17,Richmond
5,Richmond,49.1666,-123.1336,Great vibes and music.,5,2022-09-22,Richmond
5,Richmond,49.1666,-123.1336,The pastries are amazing.,5,2024-04-29,Richmond
5,Richmond,49.1666,-123.1336,The pastries are amazing.,5,2025-09-24,Richmond
5,Richmond,49.1666,-123.1336,The service was a bit slow today.,3,2023-09-15,Richmond
5,Richmond,49.1666,-123.1336,The seating is a bit cramped.,3,2022-07-14,Richmond
5,Richmond,49.1666,-123.1336,A bit crowded but worth the wait.,4,2024-04-04,Richmond
5,Richmond,49.1666,-123.1336,My daily go-to spot.,4,2021-08-03,Richmond
5,Richmond,49.1666,-123.1336,Very noisy and uncomfortable.,2,2025-10-22,Richmond
5,Richmond,49.1666,-123.1336,Not worth the price.,2,2022-08-23,Richmond
5,Richmond,49.1666,-123.1336,My daily go-to spot.,5,2024-09-11,Richmond
5,Richmond,49.1666,-123.1336,Absolutely love this place!,4,2024-08-26,Richmond
5,Richmond,49.1666,-123.1336,Best service in town.,4,2025-10-29,Richmond
5,Richmond,49.1666,-123.1336,Always a pleasant experience.,5,2024-11-27,Richmond
5,Richmond,49.1666,-123.1336,The staff seemed indifferent.,2,2023-01-26,Richmond
5,Richmond,49.1666,-123.1336,The pastries are amazing.,4,2023-01-24,Richmond
5,Richmond,49.1666,-123.1336,So glad I found this place.,5,2024-12-25,Richmond
5,Richmond,49.1666,-123.1336,My daily go-to spot.,4,2023-11-24,Richmond
5,Richmond,49.1666,-123.1336,Excellent quality every time.,5,2021-08-02,Richmond
5,Richmond,49.1666,-123.1336,My daily go-to spot.,4,2021-03-21,Richmond
5,Richmond,49.1666,-123.1336,The staff seemed indifferent.,1,2024-11-18,Richmond
5,Richmond,49.1666,-123.1336,Disappointed with the service.,2,2025-04-21,Richmond
5,Richmond,49.1666,-123.1336,Absolutely love this place!,5,2021-12-26,Richmond
5,Richmond,49.1666,-123.1336,Always a pleasant experience.,4,2025-04-12,Richmond
5,Richmond,49.1666,-123.1336,Overall a bad experience.,1,2025-01-20,Richmond
5,Richmond,49.1666,-123.1336,Wait times are inconsistent.,3,2025-10-27,Richmond
5,Richmond,49.1666,-123.1336,Friendly staff and great atmosphere.,5,2022-10-31,Richmond
5,Richmond,49.1666,-123.1336,Standard cafe experience.,3,2022-07-14,Richmond
5,Richmond,49.1666,-123.1336,Friendly staff and great atmosphere.,4,2022-12-08,Richmond
5,Richmond,49.1666,-123.1336,Excellent quality every time.,4,2024-05-31,Richmond
5,Richmond,49.1666,-123.1336,Wait was way too long.,1,2025-11-29,Richmond
5,Richmond,49.1666,-123.1336,Standard cafe experience.,3,2022-01-15,Richmond
5,Richmond,49.1666,-123.1336,Cleanliness could be improved.,1,2023-07-12,Richmond
5,Richmond,49.1666,-123.1336,Consistently good coffee.,4,2024-11-30,Richmond
5,Richmond,49.1666,-123.1336,Highly recommend the latte.,4,2025-02-02,Richmond
5,Richmond,49.1666,-123.1336,Highly recommend the latte.,4,2021-06-16,Richmond
5,Richmond,49.1666,-123.1336,The coffee was cold.,2,2023-08-20,Richmond
5,Richmond,49.1666,-123.1336,Decent food options.,3,2025-07-03,Richmond
5,Richmond,49.1666,-123.1336,Not worth the price.,1,2023-11-01,Richmond
5,Richmond,49.1666,-123.1336,Can be noisy during lunch.,3,2025-04-03,Richmond
5,Richmond,49.1666,-123.1336,Cleanliness could be improved.,1,2025-09-01,Richmond
5,Richmond,49.1666,-123.1336,Cleanliness could be improved.,2,2024-01-10,Richmond
5,Richmond,49.1666,-123.1336,Absolutely love this place!,5,2022-04-15,Richmond
5,Richmond,49.1666,-123.1336,Absolutely love this place!,4,2024-10-13,Richmond
5,Richmond,49.1666,-123.1336,Best service in town.,5,2022-05-04,Richmond
5,Richmond,49.1666,-123.1336,Best service in town.,4,2022-12-27,Richmond
5,Richmond,49.1666,-123.1336,The pastries are amazing.,5,2021-06-06,Richmond
5,Richmond,49.1666,-123.1336,So glad I found this place.,4,2023-05-15,Richmond
5,Richmond,49.1666,-123.1336,My order was wrong.,1,2024-06-05,Richmond
5,Richmond,49.1666,-123.1336,My daily go-to spot.,5,2022-04-12,Richmond
5,Richmond,49.1666,-123.1336,Wait times are inconsistent.,3,2022-12-20,Richmond
5,Richmond,49.1666,-123.1336,Excellent quality every time.,5,2022-01-11,Richmond
5,Richmond,49.1666,-123.1336,Average coffee.,3,2021-10-27,Richmond
5,Richmond,49.1666,-123.1336,Friendly staff and great atmosphere.,5,2023-09-10,Richmond
5,Richmond,49.1666,-123.1336,The service was a bit slow today.,3,2025-08-29,Richmond
5,Richmond,49.1666,-123.1336,Not worth the price.,2,2023-11-25,Richmond
5,Richmond,49.1666,-123.1336,Fast wifi and good seating.,5,2024-11-26,Richmond
6,Surrey,49.1913,-122.849,Highly recommend the latte.,5,2023-08-26,Surrey
6,Surrey,49.1913,-122.849,So glad I found this place.,4,2023-01-06,Surrey
6,Surrey,49.1913,-122.849,Great vibes and music.,5,2021-10-03,Surrey
6,Surrey,49.1913,-122.849,Best service in town.,5,2025-01-08,Surrey
6,Surrey,49.1913,-122.849,Always a pleasant experience.,5,2025-07-03,Surrey
6,Surrey,49.1913,-122.849,Can be noisy during lunch.,3,2023-03-07,Surrey
6,Surrey,49.1913,-122.849,Fast wifi and good seating.,5,2022-12-23,Surrey
6,Surrey,49.1913,-122.849,Absolutely love this place!,4,2024-07-15,Surrey
6,Surrey,49.1913,-122.849,Wait was way too long.,1,2024-06-15,Surrey
6,Surrey,49.1913,-122.849,Always a pleasant experience.,4,2024-10-15,Surrey
6,Surrey,49.1913,-122.849,Won't be coming back soon.,1,2022-02-17,Surrey
6,Surrey,49.1913,-122.849,A bit crowded but worth the wait.,4,2024-01-06,Surrey
6,Surrey,49.1913,-122.849,Wait times are inconsistent.,3,2022-06-03,Surrey
6,Surrey,49.1913,-122.849,Absolutely love this place!,5,2023-02-15,Surrey
6,Surrey,49.1913,-122.849,Consistently good coffee.,5,2022-12-30,Surrey
6,Surrey,49.1913,-122.849,My daily go-to spot.,5,2024-06-29,Surrey
6,Surrey,49.1913,-122.849,Always a pleasant experience.,5,2022-04-20,Surrey
6,Surrey,49.1913,-122.849,Not worth the price.,2,2021-12-24,Surrey
6,Surrey,49.1913,-122.849,Fast wifi and good seating.,5,2023-09-06,Surrey
6,Surrey,49.1913,-122.849,Consistently good coffee.,5,2025-02-26,Surrey
6,Surrey,49.1913,-122.849,Fast wifi and good seating.,5,2023-02-18,Surrey
6,Surrey,49.1913,-122.849,So glad I found this place.,4,2021-09-15,Surrey
6,Surrey,49.1913,-122.849,Overall a bad experience.,2,2022-12-03,Surrey
6,Surrey,49.1913,-122.849,Overall a bad experience.,1,2022-03-18,Surrey
6,Surrey,49.1913,-122.849,Perfect for studying or working.,5,2021-08-28,Surrey
6,Surrey,49.1913,-122.849,So glad I found this place.,5,2021-08-30,Surrey
6,Surrey,49.1913,-122.849,A bit on the expensive side.,3,2021-06-26,Surrey
6,Surrey,49.1913,-122.849,Friendly staff and great atmosphere.,5,2024-08-02,Surrey
6,Surrey,49.1913,-122.849,The coffee was cold.,2,2023-11-10,Surrey
6,Surrey,49.1913,-122.849,The manager is so nice.,5,2024-07-25,Surrey
6,Surrey,49.1913,-122.849,The manager is so nice.,4,2023-03-10,Surrey
6,Surrey,49.1913,-122.849,Cleanliness could be improved.,2,2024-08-11,Surrey
6,Surrey,49.1913,-122.849,Perfect for studying or working.,5,2022-03-05,Surrey
6,Surrey,49.1913,-122.849,Perfect for studying or working.,5,2026-02-04,Surrey
6,Surrey,49.1913,-122.849,So glad I found this place.,5,2024-11-10,Surrey
6,Surrey,49.1913,-122.849,Decent food options.,3,2022-01-20,Surrey
6,Surrey,49.1913,-122.849,Fast wifi and good seating.,5,2025-02-21,Surrey
6,Surrey,49.1913,-122.849,Overall a bad experience.,1,2024-10-23,Surrey
6,Surrey,49.1913,-122.849,Consistently good coffee.,5,2021-11-29,Surrey
6,Surrey,49.1913,-122.849,So glad I found this place.,5,2022-08-15,Surrey
6,Surrey,49.1913,-122.849,Absolutely love this place!,4,2023-11-14,Surrey
6,Surrey,49.1913,-122.849,Fast wifi and good seating.,5,2022-02-01,Surrey
6,Surrey,49.1913,-122.849,Average coffee.,3,2021-06-21,Surrey
6,Surrey,49.1913,-122.849,The manager is so nice.,5,2024-06-23,Surrey
6,Surrey,49.1913,-122.849,Decent food options.,3,2025-09-12,Surrey
6,Surrey,49.1913,-122.849,Friendly staff and great atmosphere.,5,2024-05-28,Surrey
6,Surrey,49.1913,-122.849,Decent food options.,3,2024-12-23,Surrey
6,Surrey,49.1913,-122.849,Standard cafe experience.,3,2024-02-17,Surrey
6,Surrey,49.1913,-122.849,Highly recommend the latte.,5,2022-11-19,Surrey
6,Surrey,49.1913,-122.849,Fast wifi and good seating.,5,2021-12-25,Surrey
6,Surrey,49.1913,-122.849,Great vibes and music.,4,2022-07-04,Surrey
6,Surrey,49.1913,-122.849,So glad I found this place.,4,2022-10-31,Surrey
6,Surrey,49.1913,-122.849,Overall a bad experience.,2,2023-11-13,Surrey
6,Surrey,49.1913,-122.849,Not worth the price.,2,2024-09-02,Surrey
6,Surrey,49.1913,-122.849,Absolutely love this place!,5,2023-07-07,Surrey
6,Surrey,49.1913,-122.849,Can be noisy during lunch.,3,2025-10-07,Surrey
6,Surrey,49.1913,-122.849,So glad I found this place.,4,2025-09-20,Surrey
6,Surrey,49.1913,-122.849,Cleanliness could be improved.,2,2024-10-09,Surrey
6,Surrey,49.1913,-122.849,Highly recommend the latte.,5,2021-05-04,Surrey
6,Surrey,49.1913,-122.849,Friendly staff and great atmosphere.,4,2022-11-19,Surrey
6,Surrey,49.1913,-122.849,Absolutely love this place!,4,2024-04-14,Surrey
6,Surrey,49.1913,-122.849,Consistently good coffee.,5,2023-01-20,Surrey
6,Surrey,49.1913,-122.849,The staff seemed indifferent.,1,2024-04-05,Surrey
6,Surrey,49.1913,-122.849,The pastries are amazing.,4,2022-01-08,Surrey
6,Surrey,49.1913,-122.849,A bit crowded but worth the wait.,4,2021-09-11,Surrey
6,Surrey,49.1913,-122.849,Wait times are inconsistent.,3,2021-07-03,Surrey
6,Surrey,49.1913,-122.849,The pastries are amazing.,5,2024-01-01,Surrey
6,Surrey,49.1913,-122.849,A bit crowded but worth the wait.,4,2025-06-10,Surrey
6,Surrey,49.1913,-122.849,Perfect for studying or working.,5,2021-10-29,Surrey
6,Surrey,49.1913,-122.849,Standard cafe experience.,3,2024-09-03,Surrey
6,Surrey,49.1913,-122.849,A bit crowded but worth the wait.,4,2021-10-12,Surrey
6,Surrey,49.1913,-122.849,Highly recommend the latte.,5,2021-11-10,Surrey
6,Surrey,49.1913,-122.849,Fast wifi and good seating.,4,2024-07-02,Surrey
6,Surrey,49.1913,-122.849,Won't be coming back soon.,2,2026-01-22,Surrey
6,Surrey,49.1913,-122.849,The coffee was cold.,2,2024-10-20,Surrey
6,Surrey,49.1913,-122.849,Absolutely love this place!,5,2025-10-19,Surrey
6,Surrey,49.1913,-122.849,Standard cafe experience.,3,2026-01-01,Surrey
6,Surrey,49.1913,-122.849,The manager is so nice.,4,2024-08-27,Surrey
6,Surrey,49.1913,-122.849,Fast wifi and good seating.,5,2023-06-29,Surrey
6,Surrey,49.1913,-122.849,So glad I found this place.,4,2025-06-08,Surrey
6,Surrey,49.1913,-122.849,Perfect for studying or working.,5,2022-08-09,Surrey
6,Surrey,49.1913,-122.849,Perfect for studying or working.,4,2022-02-25,Surrey
6,Surrey,49.1913,-122.849,Friendly staff and great atmosphere.,5,2024-08-20,Surrey
6,Surrey,49.1913,-122.849,My order was wrong.,1,2024-10-10,Surrey
6,Surrey,49.1913,-122.849,Perfect for studying or working.,5,2021-03-01,Surrey
6,Surrey,49.1913,-122.849,Excellent quality every time.,5,2022-04-30,Surrey
6,Surrey,49.1913,-122.849,Not worth the price.,2,2023-05-21,Surrey
6,Surrey,49.1913,-122.849,Always a pleasant experience.,4,2025-11-19,Surrey
6,Surrey,49.1913,-122.849,Excellent quality every time.,5,2022-12-19,Surrey
6,Surrey,49.1913,-122.849,The manager is so nice.,4,2024-04-17,Surrey
6,Surrey,49.1913,-122.849,Fast wifi and good seating.,5,2023-01-01,Surrey
6,Surrey,49.1913,-122.849,Perfect for studying or working.,5,2022-02-17,Surrey
6,Surrey,49.1913,-122.849,Fast wifi and good seating.,4,2022-10-27,Surrey
6,Surrey,49.1913,-122.849,Decent food options.,3,2024-03-01,Surrey
6,Surrey,49.1913,-122.849,"It's alright, nothing special.",3,2021-07-10,Surrey
6,Surrey,49.1913,-122.849,The pastries are amazing.,5,2021-02-27,Surrey
6,Surrey,49.1913,-122.849,Perfect for studying or working.,4,2023-08-12,Surrey
6,Surrey,49.1913,-122.849,Friendly staff and great atmosphere.,5,2021-09-23,Surrey
6,Surrey,49.1913,-122.849,Excellent quality every time.,5,2022-07-11,Surrey
6,Surrey,49.1913,-122.849,Highly recommend the latte.,4,2025-12-16,Surrey
6,Surrey,49.1913,-122.849,Cleanliness could be improved.,1,2022-08-07,Surrey
6,Surrey,49.1913,-122.849,Disappointed with the service.,2,2024-09-30,Surrey
6,Surrey,49.1913,-122.849,Wait times are inconsistent.,3,2021-06-13,Surrey
6,Surrey,49.1913,-122.849,Consistently good coffee.,5,2022-06-21,Surrey
6,Surrey,49.1913,-122.849,So glad I found this place.,5,2022-07-19,Surrey
6,Surrey,49.1913,-122.849,A bit crowded but worth the wait.,5,2025-12-22,Surrey
6,Surrey,49.1913,-122.849,The pastries are amazing.,5,2023-02-05,Surrey
6,Surrey,49.1913,-122.849,The manager is so nice.,4,2024-08-18,Surrey
6,Surrey,49.1913,-122.849,So glad I found this place.,5,2024-01-19,Surrey
6,Surrey,49.1913,-122.849,The staff seemed indifferent.,1,2023-04-14,Surrey
6,Surrey,49.1913,-122.849,The manager is so nice.,5,2021-08-15,Surrey
6,Surrey,49.1913,-122.849,Best service in town.,5,2022-10-26,Surrey
6,Surrey,49.1913,-122.849,Best service in town.,5,2024-01-14,Surrey
6,Surrey,49.1913,-122.849,Always a pleasant experience.,4,2023-02-17,Surrey
6,Surrey,49.1913,-122.849,Absolutely love this place!,4,2022-12-20,Surrey
6,Surrey,49.1913,-122.849,"It's alright, nothing special.",3,2021-11-27,Surrey
6,Surrey,49.1913,-122.849,Consistently good coffee.,5,2024-12-09,Surrey
6,Surrey,49.1913,-122.849,The manager is so nice.,4,2025-06-28,Surrey
6,Surrey,49.1913,-122.849,Friendly staff and great atmosphere.,4,2022-08-22,Surrey
6,Surrey,49.1913,-122.849,Consistently good coffee.,5,2024-05-29,Surrey
6,Surrey,49.1913,-122.849,Friendly staff and great atmosphere.,5,2025-06-29,Surrey
6,Surrey,49.1913,-122.849,So glad I found this place.,5,2024-10-05,Surrey
6,Surrey,49.1913,-122.849,Perfect for studying or working.,4,2025-02-18,Surrey
6,Surrey,49.1913,-122.849,Consistently good coffee.,5,2024-06-21,Surrey
6,Surrey,49.1913,-122.849,Highly recommend the latte.,4,2024-07-18,Surrey
6,Surrey,49.1913,-122.849,Friendly staff and great atmosphere.,5,2024-06-07,Surrey
6,Surrey,49.1913,-122.849,So glad I found this place.,5,2023-12-22,Surrey
6,Surrey,49.1913,-122.849,Perfect for studying or working.,4,2023-01-10,Surrey
6,Surrey,49.1913,-122.849,Fast wifi and good seating.,4,2021-10-26,Surrey
6,Surrey,49.1913,-122.849,Consistently good coffee.,5,2022-05-07,Surrey
6,Surrey,49.1913,-122.849,The pastries are amazing.,5,2023-11-27,Surrey
6,Surrey,49.1913,-122.849,The pastries are amazing.,5,2021-02-12,Surrey
6,Surrey,49.1913,-122.849,Highly recommend the latte.,5,2024-07-13,Surrey
6,Surrey,49.1913,-122.849,The pastries are amazing.,5,2025-07-08,Surrey
6,Surrey,49.1913,-122.849,My order was wrong.,2,2022-02-15,Surrey
6,Surrey,49.1913,-122.849,Okay for a quick stop.,3,2025-04-25,Surrey
6,Surrey,49.1913,-122.849,The manager is so nice.,5,2021-12-26,Surrey
6,Surrey,49.1913,-122.849,A bit crowded but worth the wait.,4,2022-04-26,Surrey
6,Surrey,49.1913,-122.849,Great vibes and music.,5,2021-02-28,Surrey
6,Surrey,49.1913,-122.849,My daily go-to spot.,4,2022-06-02,Surrey
6,Surrey,49.1913,-122.849,The coffee was cold.,1,2021-12-22,Surrey
6,Surrey,49.1913,-122.849,Very noisy and uncomfortable.,1,2025-07-10,Surrey
6,Surrey,49.1913,-122.849,Best service in town.,4,2024-01-14,Surrey
6,Surrey,49.1913,-122.849,Always a pleasant experience.,5,2023-07-27,Surrey
6,Surrey,49.1913,-122.849,Absolutely love this place!,5,2024-11-11,Surrey
6,Surrey,49.1913,-122.849,The coffee was cold.,2,2021-05-26,Surrey
6,Surrey,49.1913,-122.849,The pastries are amazing.,4,2023-11-30,Surrey
6,Surrey,49.1913,-122.849,Okay for a quick stop.,3,2025-12-17,Surrey
6,Surrey,49.1913,-122.849,Perfect for studying or working.,4,2021-05-03,Surrey
6,Surrey,49.1913,-122.849,The manager is so nice.,4,2024-05-10,Surrey
7,Metrotown,49.2276,-123.0031,Wait times are inconsistent.,3,2022-02-09,Metrotown
7,Metrotown,49.2276,-123.0031,Great vibes and music.,5,2021-08-15,Metrotown
7,Metrotown,49.2276,-123.0031,Disappointed with the service.,2,2025-10-26,Metrotown
7,Metrotown,49.2276,-123.0031,Can be noisy during lunch.,3,2022-09-07,Metrotown
7,Metrotown,49.2276,-123.0031,Great vibes and music.,4,2023-11-08,Metrotown
7,Metrotown,49.2276,-123.0031,Can be noisy during lunch.,3,2023-02-20,Metrotown
7,Metrotown,49.2276,-123.0031,Very noisy and uncomfortable.,2,2024-04-13,Metrotown
7,Metrotown,49.2276,-123.0031,Best service in town.,4,2023-11-11,Metrotown
7,Metrotown,49.2276,-123.0031,Decent food options.,3,2025-04-25,Metrotown
7,Metrotown,49.2276,-123.0031,Highly recommend the latte.,5,2024-03-26,Metrotown
7,Metrotown,49.2276,-123.0031,A bit crowded but worth the wait.,4,2022-11-15,Metrotown
7,Metrotown,49.2276,-123.0031,Disappointed with the service.,1,2025-09-19,Metrotown
7,Metrotown,49.2276,-123.0031,Can be noisy during lunch.,3,2022-05-06,Metrotown
7,Metrotown,49.2276,-123.0031,Friendly staff and great atmosphere.,4,2024-06-11,Metrotown
7,Metrotown,49.2276,-123.0031,Okay for a quick stop.,3,2025-09-14,Metrotown
7,Metrotown,49.2276,-123.0031,Fast wifi and good seating.,4,2025-01-07,Metrotown
7,Metrotown,49.2276,-123.0031,My order was wrong.,2,2023-04-16,Metrotown
7,Metrotown,49.2276,-123.0031,Average coffee.,3,2025-04-27,Metrotown
7,Metrotown,49.2276,-123.0031,The manager is so nice.,5,2024-10-31,Metrotown
7,Metrotown,49.2276,-123.0031,Perfect for studying or working.,5,2025-01-24,Metrotown
7,Metrotown,49.2276,-123.0031,A bit on the expensive side.,3,2025-06-16,Metrotown
7,Metrotown,49.2276,-123.0031,Best service in town.,4,2024-09-02,Metrotown
7,Metrotown,49.2276,-123.0031,The pastries are amazing.,5,2025-10-08,Metrotown
7,Metrotown,49.2276,-123.0031,The pastries are amazing.,5,2025-12-18,Metrotown
7,Metrotown,49.2276,-123.0031,So glad I found this place.,5,2023-06-24,Metrotown
7,Metrotown,49.2276,-123.0031,Friendly staff and great atmosphere.,5,2022-03-28,Metrotown
7,Metrotown,49.2276,-123.0031,Consistently good coffee.,5,2022-09-03,Metrotown
7,Metrotown,49.2276,-123.0031,Friendly staff and great atmosphere.,5,2025-10-19,Metrotown
7,Metrotown,49.2276,-123.0031,Average coffee.,3,2022-10-08,Metrotown
7,Metrotown,49.2276,-123.0031,Standard cafe experience.,3,2021-08-08,Metrotown
7,Metrotown,49.2276,-123.0031,My order was wrong.,2,2025-10-08,Metrotown
7,Metrotown,49.2276,-123.0031,Great vibes and music.,4,2024-12-27,Metrotown
7,Metrotown,49.2276,-123.0031,Excellent quality every time.,5,2024-10-01,Metrotown
7,Metrotown,49.2276,-123.0031,Best service in town.,4,2024-07-10,Metrotown
7,Metrotown,49.2276,-123.0031,Always a pleasant experience.,5,2022-10-21,Metrotown
7,Metrotown,49.2276,-123.0031,The manager is so nice.,5,2025-10-13,Metrotown
7,Metrotown,49.2276,-123.0031,Excellent quality every time.,5,2023-11-02,Metrotown
7,Metrotown,49.2276,-123.0031,Perfect for studying or working.,4,2023-04-30,Metrotown
7,Metrotown,49.2276,-123.0031,The staff seemed indifferent.,1,2024-06-14,Metrotown
7,Metrotown,49.2276,-123.0031,Great vibes and music.,5,2023-02-05,Metrotown
7,Metrotown,49.2276,-123.0031,So glad I found this place.,4,2024-02-17,Metrotown
7,Metrotown,49.2276,-123.0031,The seating is a bit cramped.,3,2023-09-01,Metrotown
7,Metrotown,49.2276,-123.0031,Wait times are inconsistent.,3,2022-09-10,Metrotown
7,Metrotown,49.2276,-123.0031,Absolutely love this place!,5,2022-07-01,Metrotown
7,Metrotown,49.2276,-123.0031,Overall a bad experience.,1,2023-09-19,Metrotown
7,Metrotown,49.2276,-123.0031,A bit crowded but worth the wait.,5,2021-10-03,Metrotown
7,Metrotown,49.2276,-123.0031,Absolutely love this place!,4,2025-06-30,Metrotown
7,Metrotown,49.2276,-123.0031,Perfect for studying or working.,5,2021-05-02,Metrotown
7,Metrotown,49.2276,-123.0031,Always a pleasant experience.,4,2021-09-16,Metrotown
7,Metrotown,49.2276,-123.0031,Best service in town.,5,2021-03-05,Metrotown
7,Metrotown,49.2276,-123.0031,The manager is so nice.,5,2022-12-01,Metrotown
7,Metrotown,49.2276,-123.0031,Always a pleasant experience.,4,2022-06-29,Metrotown
7,Metrotown,49.2276,-123.0031,Can be noisy during lunch.,3,2021-02-25,Metrotown
7,Metrotown,49.2276,-123.0031,Wait times are inconsistent.,3,2024-12-11,Metrotown
7,Metrotown,49.2276,-123.0031,Highly recommend the latte.,4,2026-01-15,Metrotown
7,Metrotown,49.2276,-123.0031,Friendly staff and great atmosphere.,4,2022-10-16,Metrotown
7,Metrotown,49.2276,-123.0031,Always a pleasant experience.,4,2023-10-02,Metrotown
7,Metrotown,49.2276,-123.0031,My order was wrong.,2,2025-07-16,Metrotown
7,Metrotown,49.2276,-123.0031,Can be noisy during lunch.,3,2022-02-11,Metrotown
7,Metrotown,49.2276,-123.0031,A bit crowded but worth the wait.,4,2023-05-06,Metrotown
7,Metrotown,49.2276,-123.0031,A bit on the expensive side.,3,2023-11-20,Metrotown
7,Metrotown,49.2276,-123.0031,So glad I found this place.,5,2024-09-10,Metrotown
7,Metrotown,49.2276,-123.0031,My daily go-to spot.,4,2023-08-17,Metrotown
7,Metrotown,49.2276,-123.0031,Great vibes and music.,4,2024-03-04,Metrotown
7,Metrotown,49.2276,-123.0031,Great vibes and music.,4,2022-01-19,Metrotown
7,Metrotown,49.2276,-123.0031,A bit crowded but worth the wait.,5,2025-11-28,Metrotown
7,Metrotown,49.2276,-123.0031,A bit on the expensive side.,3,2022-10-04,Metrotown
7,Metrotown,49.2276,-123.0031,My daily go-to spot.,5,2025-02-16,Metrotown
7,Metrotown,49.2276,-123.0031,Wait was way too long.,1,2021-11-21,Metrotown
7,Metrotown,49.2276,-123.0031,Absolutely love this place!,4,2021-11-04,Metrotown
7,Metrotown,49.2276,-123.0031,The manager is so nice.,5,2023-09-05,Metrotown
7,Metrotown,49.2276,-123.0031,Overall a bad experience.,2,2023-06-27,Metrotown
7,Metrotown,49.2276,-123.0031,Won't be coming back soon.,1,2024-12-09,Metrotown
7,Metrotown,49.2276,-123.0031,A bit crowded but worth the wait.,5,2021-09-20,Metrotown
7,Metrotown,49.2276,-123.0031,Highly recommend the latte.,4,2025-03-19,Metrotown
7,Metrotown,49.2276,-123.0031,A bit crowded but worth the wait.,4,2021-05-27,Metrotown
7,Metrotown,49.2276,-123.0031,The staff seemed indifferent.,2,2024-12-01,Metrotown
7,Metrotown,49.2276,-123.0031,So glad I found this place.,5,2023-05-21,Metrotown
7,Metrotown,49.2276,-123.0031,Always a pleasant experience.,4,2025-04-27,Metrotown
7,Metrotown,49.2276,-123.0031,Consistently good coffee.,4,2022-10-30,Metrotown
7,Metrotown,49.2276,-123.0031,So glad I found this place.,4,2025-09-26,Metrotown
7,Metrotown,49.2276,-123.0031,The manager is so nice.,5,2026-01-27,Metrotown
7,Metrotown,49.2276,-123.0031,Always a pleasant experience.,5,2025-11-11,Metrotown
7,Metrotown,49.2276,-123.0031,Standard cafe experience.,3,2026-01-29,Metrotown
7,Metrotown,49.2276,-123.0031,The pastries are amazing.,4,2024-03-02,Metrotown
7,Metrotown,49.2276,-123.0031,Cleanliness could be improved.,1,2025-12-22,Metrotown
7,Metrotown,49.2276,-123.0031,So glad I found this place.,4,2022-04-12,Metrotown
7,Metrotown,49.2276,-123.0031,Standard cafe experience.,3,2022-09-24,Metrotown
7,Metrotown,49.2276,-123.0031,The pastries are amazing.,5,2023-02-19,Metrotown
7,Metrotown,49.2276,-123.0031,Consistently good coffee.,5,2021-12-11,Metrotown
7,Metrotown,49.2276,-123.0031,"It's alright, nothing special.",3,2025-11-12,Metrotown
7,Metrotown,49.2276,-123.0031,The staff seemed indifferent.,2,2023-09-19,Metrotown
7,Metrotown,49.2276,-123.0031,So glad I found this place.,5,2023-12-11,Metrotown
7,Metrotown,49.2276,-123.0031,Wait was way too long.,2,2022-06-23,Metrotown
7,Metrotown,49.2276,-123.0031,Perfect for studying or working.,4,2024-11-03,Metrotown
7,Metrotown,49.2276,-123.0031,Wait was way too long.,1,2021-02-13,Metrotown
7,Metrotown,49.2276,-123.0031,Okay for a quick stop.,3,2021-10-18,Metrotown
7,Metrotown,49.2276,-123.0031,My daily go-to spot.,4,2021-12-23,Metrotown
7,Metrotown,49.2276,-123.0031,My order was wrong.,2,2021-10-18,Metrotown
7,Metrotown,49.2276,-123.0031,My daily go-to spot.,5,2024-09-14,Metrotown
7,Metrotown,49.2276,-123.0031,The pastries are amazing.,4,2023-08-08,Metrotown
7,Metrotown,49.2276,-123.0031,Absolutely love this place!,5,2024-08-15,Metrotown
7,Metrotown,49.2276,-123.0031,Cleanliness could be improved.,1,2023-11-28,Metrotown
7,Metrotown,49.2276,-123.0031,The pastries are amazing.,5,2025-04-11,Metrotown
7,Metrotown,49.2276,-123.0031,Best service in town.,5,2023-04-08,Metrotown
7,Metrotown,49.2276,-123.0031,Great vibes and music.,5,2021-05-10,Metrotown
7,Metrotown,49.2276,-123.0031,Disappointed with the service.,2,2024-03-09,Metrotown
7,Metrotown,49.2276,-123.0031,Perfect for studying or working.,5,2021-03-26,Metrotown
7,Metrotown,49.2276,-123.0031,Fast wifi and good seating.,5,2023-03-08,Metrotown
7,Metrotown,49.2276,-123.0031,A bit on the expensive side.,3,2021-03-25,Metrotown
7,Metrotown,49.2276,-123.0031,The pastries are amazing.,4,2021-10-10,Metrotown
7,Metrotown,49.2276,-123.0031,The staff seemed indifferent.,2,2025-01-24,Metrotown
7,Metrotown,49.2276,-123.0031,Average coffee.,3,2022-04-07,Metrotown
7,Metrotown,49.2276,-123.0031,Perfect for studying or working.,5,2023-02-24,Metrotown
7,Metrotown,49.2276,-123.0031,Cleanliness could be improved.,2,2024-08-31,Metrotown
7,Metrotown,49.2276,-123.0031,The seating is a bit cramped.,3,2024-10-04,Metrotown
7,Metrotown,49.2276,-123.0031,Best service in town.,5,2021-05-20,Metrotown
7,Metrotown,49.2276,-123.0031,My daily go-to spot.,5,2021-03-17,Metrotown
7,Metrotown,49.2276,-123.0031,Always a pleasant experience.,4,2024-07-01,Metrotown
7,Metrotown,49.2276,-123.0031,The pastries are amazing.,5,2021-12-22,Metrotown
7,Metrotown,49.2276,-123.0031,The staff seemed indifferent.,1,2024-07-19,Metrotown
7,Metrotown,49.2276,-123.0031,Wait times are inconsistent.,3,2021-08-16,Metrotown
7,Metrotown,49.2276,-123.0031,Always a pleasant experience.,5,2021-11-30,Metrotown
7,Metrotown,49.2276,-123.0031,Excellent quality every time.,4,2024-05-12,Metrotown
7,Metrotown,49.2276,-123.0031,Great vibes and music.,5,2022-07-18,Metrotown
7,Metrotown,49.2276,-123.0031,Consistently good coffee.,5,2023-06-26,Metrotown
7,Metrotown,49.2276,-123.0031,Friendly staff and great atmosphere.,4,2025-04-29,Metrotown
7,Metrotown,49.2276,-123.0031,"It's alright, nothing special.",3,2023-05-30,Metrotown
7,Metrotown,49.2276,-123.0031,The seating is a bit cramped.,3,2021-09-14,Metrotown
7,Metrotown,49.2276,-123.0031,Highly recommend the latte.,5,2025-08-09,Metrotown
7,Metrotown,49.2276,-123.0031,The manager is so nice.,5,2025-04-25,Metrotown
7,Metrotown,49.2276,-123.0031,"It's alright, nothing special.",3,2023-09-06,Metrotown
7,Metrotown,49.2276,-123.0031,A bit on the expensive side.,3,2023-08-10,Metrotown
7,Metrotown,49.2276,-123.0031,Best service in town.,5,2023-03-02,Metrotown
7,Metrotown,49.2276,-123.0031,Excellent quality every time.,5,2023-01-14,Metrotown
7,Metrotown,49.2276,-123.0031,The pastries are amazing.,4,2024-05-22,Metrotown
7,Metrotown,49.2276,-123.0031,Absolutely love this place!,5,2022-09-18,Metrotown
7,Metrotown,49.2276,-123.0031,The pastries are amazing.,4,2021-11-09,Metrotown
7,Metrotown,49.2276,-123.0031,Absolutely love this place!,4,2022-10-04,Metrotown
7,Metrotown,49.2276,-123.0031,Perfect for studying or working.,4,2023-01-15,Metrotown
7,Metrotown,49.2276,-123.0031,So glad I found this place.,5,2022-10-10,Metrotown
7,Metrotown,49.2276,-123.0031,Absolutely love this place!,5,2023-12-31,Metrotown
7,Metrotown,49.2276,-123.0031,Highly recommend the latte.,4,2025-11-20,Metrotown
7,Metrotown,49.2276,-123.0031,Excellent quality every time.,4,2022-06-20,Metrotown
7,Metrotown,49.2276,-123.0031,Consistently good coffee.,5,2021-04-03,Metrotown
7,Metrotown,49.2276,-123.0031,A bit on the expensive side.,3,2024-01-30,Metrotown
7,Metrotown,49.2276,-123.0031,Disappointed with the service.,2,2022-06-21,Metrotown
7,Metrotown,49.2276,-123.0031,My daily go-to spot.,5,2025-03-24,Metrotown
7,Metrotown,49.2276,-123.0031,Absolutely love this place!,5,2025-07-04,Metrotown
7,Metrotown,49.2276,-123.0031,Fast wifi and good seating.,4,2023-10-18,Metrotown
